system,name,distance,coordinates,stellar_class
System,Name,Distance,Coordinates (RADec,Stellar Class
Solar System,Sol,0.0000158,,G2V
Alpha Centauri,"Proxima Centauri (C, V645 Centauri)",4.24650.0003,768.06650.04998,M5.5V
Alpha Centauri,Rigil Kentaurus (A),4.34410.0022,750.810.3813,G2V
Alpha Centauri,Toliman (B),,,K1V
Barnard's Star,Barnard's Star (BD04 3561a),5.96290.0004,546.97590.04018,M4V
Luhman 16,Luhman 16 A,6.50290.0011,501.5570.08218,L7.5
Luhman 16,Luhman 16 B,,,T0.5
WISE 08550714,WISE 08550714,7.4300.041,439.02.419,Y2
Wolf 359 (CN Leonis),Wolf 359 (CN Leonis),7.85580.0013,415.17940.06848,M6Ve
"Lalande 21185 (BD36 2147, Gliese 411, HD 95735)","Lalande 21185 (BD36 2147, Gliese 411, HD 95735)",8.30440.0007,392.75290.03218,M2V
Sirius (Alpha Canis Majoris),Sirius (Alpha Canis Majoris) A,8.70940.0054,374.48960.23138,A1V
Sirius (Alpha Canis Majoris),Sirius (Alpha Canis Majoris) B,,,DA2
Gliese 65 (Luyten 726 8),A (BL Ceti),8.7240.012,373.84430.50098,Unknown
Gliese 65 (Luyten 726 8),B (UV Ceti),,,Unknown
Ross 154 (V1216 Sagittarii),Ross 154 (V1216 Sagittarii),9.70630.0009,336.02660.03178,M3.5V
Ross 248 (HH Andromedae),Ross 248 (HH Andromedae),10.30570.0014,316.48120.04448,M6V
Epsilon Eridani (Ran),Epsilon Eridani (Ran),10.47490.0037,311.370.1124,K2V
Lacaille 9352 (Gliese 887),Lacaille 9352 (Gliese 887),10.72410.0007,304.13540.02008,M0.5V
Ross 128 (FI Virginis),Ross 128 (FI Virginis),11.00740.0011,296.30530.03028,M4V
"EZ Aquarii(Gliese 866, Luyten 789-6)","EZ Aquarii(Gliese 866, Luyten 789-6) A",11.1090.034,293.600.929,M5.5V
"EZ Aquarii(Gliese 866, Luyten 789-6)","EZ Aquarii(Gliese 866, Luyten 789-6) B",,,M5.5V
"EZ Aquarii(Gliese 866, Luyten 789-6)","EZ Aquarii(Gliese 866, Luyten 789-6) C",,,M5.5V
Procyon (Alpha Canis Minoris),Procyon (Alpha Canis Minoris) A,11.4020.032,286.050.813031,F5IV-V
Procyon (Alpha Canis Minoris),Procyon (Alpha Canis Minoris) B,,,DQZ
61 Cygni,A (BD38 4343),11.40390.0012,286.00540.02898,Unknown
61 Cygni,B (BD38 4344),,,Unknown
"Struve 2398(Gliese 725, BD59 1915)",A (HD 173739),11.49080.0009,283.84010.02208,Unknown
"Struve 2398(Gliese 725, BD59 1915)",B (HD 173740),,,Unknown
Groombridge 34(Gliese 15),A (GX Andromedae),11.61910.0008,280.70680.02038,Unknown
Groombridge 34(Gliese 15),B (GQ Andromedae),,,Unknown
DX Cancri (G 51-15),DX Cancri (G 51-15),11.67970.0027,279.24960.06378,M8.0V
Epsilon Indi(CPD57 10015),Epsilon Indi(CPD57 10015) A,11.86700.0041,274.84310.09568,Unknown
Epsilon Indi(CPD57 10015),Ba,,,Unknown
Epsilon Indi(CPD57 10015),Bb,,,Unknown
Tau Ceti (BD16 295),Tau Ceti (BD16 295),11.91180.0074,273.80970.17018,G8.5V
GJ 1061 (LHS 1565),GJ 1061 (LHS 1565),11.98390.0014,272.16150.03168,M5.5V
YZ Ceti (LHS 138),YZ Ceti (LHS 138),12.12220.0015,269.05730.03378,M4.5V
Luyten's Star (BD05 1668),Luyten's Star (BD05 1668),12.34850.0019,264.12690.04138,M3.5V
Teegarden's Star (SO025300.5165258),Teegarden's Star (SO025300.5165258),12.49700.0045,260.98840.09348,M7V
Kapteyn's Star (CD45 1841),Kapteyn's Star (CD45 1841),12.83080.0008,254.19860.01688,sdM1
Lacaille 8760 (AX Microscopii),Lacaille 8760 (AX Microscopii),12.94720.0018,251.91240.03528,M0V
SCR 18456357,SCR 18456357 A,13.06380.0070,249.66510.13308,Unknown
SCR 18456357,SCR 18456357 B,,,Unknown
Kruger 60(BD56 2783),Kruger 60(BD56 2783) A,13.07240.0052,249.50.148,Unknown
Kruger 60(BD56 2783),B (DO Cephei),,,Unknown
DENIS J10483956,DENIS J10483956,13.19320.0027,247.21560.05128,M8.5V
"Ross 614(V577 Monocerotis, Gliese 234)",A (LHS 1849),13.3630.040,244.070.7351,Unknown
"Ross 614(V577 Monocerotis, Gliese 234)",B (LHS 1850),,,Unknown
UGPS J0722-0540,UGPS J0722-0540,13.430.13,242.82.453,T9V
"Wolf 1061 (Gliese 628, BD12 4523)","Wolf 1061 (Gliese 628, BD12 4523)",14.05000.0016,232.13900.02688,M4.5V
"Van Maanen's Star (Gliese 35, LHS 7)","Van Maanen's Star (Gliese 35, LHS 7)",14.07180.0011,231.78000.01838,DZ7
Gliese 1 (CD37 15492),Gliese 1 (CD37 15492),14.17470.0022,230.09700.03628,M1V
"TZ Arietis (Gliese 83.1, L 1159 16)","TZ Arietis (Gliese 83.1, L 1159 16)",14.57800.0046,223.73210.06998,M2.5V
"Wolf 424(FL Virginis, LHS 333, Gliese 473)","Wolf 424(FL Virginis, LHS 333, Gliese 473) A",14.5950.031,223.47750.46658,Unknown
"Wolf 424(FL Virginis, LHS 333, Gliese 473)","Wolf 424(FL Virginis, LHS 333, Gliese 473) B",,,Unknown
"Gliese 687 (LHS 450, BD68 946)","Gliese 687 (LHS 450, BD68 946)",14.83950.0014,219.78980.02108,M3V
Gliese 674 (LHS 449),Gliese 674 (LHS 449),14.84920.0018,219.64630.02628,M3.5V
LHS 292 (LP 731-58),LHS 292 (LP 731-58),14.87060.0041,219.33020.06028,M6.5V
"Gliese 440 (WD 1142-645, LP 145-141)","Gliese 440 (WD 1142-645, LP 145-141)",15.12260.0013,215.67530.01818,DA2
GJ 1245,A (G 208-44 A),15.20010.0034,214.57450.04768,Unknown
GJ 1245,B (G 208-45),,,Unknown
GJ 1245,C (G 208-44 B),,,Unknown
WISE 17412553,WISE 17412553,15.220.20,214.32.860,T9V
Gliese 876 (Ross 780),Gliese 876 (Ross 780),15.23820.0025,214.03800.03568,M4.5V
WISE 16396847,WISE 16396847,15.3360.066,212.670.9162,T4.5V
LHS 288 (Luyten 143-23),LHS 288 (Luyten 143-23),15.75860.0034,206.96980.04488,M6.0V
GJ 1002,GJ 1002,15.80600.0036,206.35000.04748,M5.5V
DENIS 02554700,DENIS 02554700,15.8770.014,205.42510.18578,Unknown
Groombridge 1618 (Gliese 380),Groombridge 1618 (Gliese 380),15.88570.0017,205.31480.02248,K7V
Gliese 412,Gliese 412 A,15.99690.0026,203.88760.03328,M1.5V
Gliese 412,B (WX Ursae Majoris),,,Unknown
AD Leonis,AD Leonis,16.19390.0024,201.40640.02968,M3.5V
Gliese 832,Gliese 832,16.20050.0019,201.32520.02378,K2V
Gliese 682 (CD-44 11909),Gliese 682 (CD-44 11909),16.33280.0026,199.69440.03128,M3V
"Omicron2 Eridani(40 Eridani, Gliese 166)",Keid (A),16.33300.0042,199.69110.05128,Unknown
"Omicron2 Eridani(40 Eridani, Gliese 166)","Omicron2 Eridani(40 Eridani, Gliese 166) B",,,M1V
"Omicron2 Eridani(40 Eridani, Gliese 166)","Omicron2 Eridani(40 Eridani, Gliese 166) C",,,M1V
EV Lacertae,EV Lacertae,16.47610.0018,197.95730.02208,M3.5Ve
70 Ophiuchi (Gliese 702),70 Ophiuchi (Gliese 702) A,16.70740.0087,195.21660.101248,Unknown
70 Ophiuchi (Gliese 702),70 Ophiuchi (Gliese 702) B,,,Unknown
Altair (Alpha Aquilae),Altair (Alpha Aquilae),16.7300.049,194.950.5768,A7V
"EI Cancri (GJ 1116, G 9-38)","EI Cancri (GJ 1116, G 9-38) A",16.8000.011,194.14430.12288,Unknown
"EI Cancri (GJ 1116, G 9-38)","EI Cancri (GJ 1116, G 9-38) B",,,Unknown
WISE J150649.97702736.1,WISE J150649.97702736.1,16.8560.052,193.50.660,T5V
GJ 3379 (G 99-49),GJ 3379 (G 99-49),16.98610.0027,192.01350.03108,M4.5V
DENIS J081730.0615520,DENIS J081730.0615520,17.0020.037,191.83620.41868,T6V
"Gliese 445 (LHS 2459, G 254-29)","Gliese 445 (LHS 2459, G 254-29)",17.13680.0017,190.32510.01948,M4V
2MASS J154043425101357,2MASS J154043425101357,17.37380.0046,187.72900.04968,L7.5V
2MASS 09392448,2MASS 09392448 A,17.410.44,187.34.669,L5V
2MASS 09392448,2MASS 09392448 B,,,T7V
"GJ 3323 (LHS 1723, LP 656-38)","GJ 3323 (LHS 1723, LP 656-38)",17.53090.0026,186.04660.02778,M4.5V
"Gliese 526 (Wolf 498, HD 119850)","Gliese 526 (Wolf 498, HD 119850)",17.72630.0024,183.99620.02538,M0V
WISE 03505658,WISE 03505658,17.840.30,182.93.162,T7V
"Stein 2051 (Gliese 169.1, G 175-34)","Stein 2051 (Gliese 169.1, G 175-34) A",17.99250.0020,181.27300.02038,M1V
"Stein 2051 (Gliese 169.1, G 175-34)","Stein 2051 (Gliese 169.1, G 175-34) B",,,M1V
2MASS J111451332618235,2MASS J111451332618235,18.200.14,179.21.470,T6V
"Gliese 251 (Wolf 294, HD 265866)","Gliese 251 (Wolf 294, HD 265866)",18.21460.0028,179.06290.02808,M3.5V
LP 816-60,LP 816-60,18.33050.0038,177.93120.03658,M4V
LSR J18353259,LSR J18353259,18.55340.0049,175.79300.04688,M8.5V
"Gliese 205 (Wolf 1453, HD 36395)","Gliese 205 (Wolf 1453, HD 36395)",18.60420.0022,175.31310.02048,M1V
2MASS J041519540935066,2MASS J041519540935066,18.620.18,175.21.770,T8V
Gliese 229 (HD 42581),Gliese 229 (HD 42581) A,18.79060.0018,173.57400.01708,Unknown
Gliese 229 (HD 42581),Ba,,,Unknown
Gliese 229 (HD 42581),Bb,,,Unknown
Alsafi (Sigma Draconis),Alsafi (Sigma Draconis),18.79930.0081,173.49390.07488,G9V
Ross 47 (Gliese 213),Ross 47 (Gliese 213),18.88830.0031,172.67620.02868,K7V
WISE 15412250,WISE 15412250,18.930.17,172.31.662,T6V
"Gliese 570(Lalande 27173, 33 G. Librae)","Gliese 570(Lalande 27173, 33 G. Librae) A",19.19870.0074,169.88430.06538,Unknown
"Gliese 570(Lalande 27173, 33 G. Librae)","Gliese 570(Lalande 27173, 33 G. Librae) B",,,Unknown
"Gliese 570(Lalande 27173, 33 G. Librae)","Gliese 570(Lalande 27173, 33 G. Librae) C",,,Unknown
"Gliese 570(Lalande 27173, 33 G. Librae)","Gliese 570(Lalande 27173, 33 G. Librae) D",,,Unknown
Gliese 693 (Luyten 205 128),Gliese 693 (Luyten 205 128),19.20780.0053,169.80420.04658,M3V
Gliese 754 (Luyten 347 14),Gliese 754 (Luyten 347 14),19.27240.0067,169.23510.05888,M4V
"Gliese 908 (Lalande 46650, BR Piscium)","Gliese 908 (Lalande 46650, BR Piscium)",19.27450.0032,169.21630.02818,K7V
"Gliese 752 (Wolf 1055, HD 180617)","Gliese 752 (Wolf 1055, HD 180617) A",19.29220.0027,169.06150.02398,Unknown
"Gliese 752 (Wolf 1055, HD 180617)",B (VB 10),,,Unknown
Gliese 588 (CD-40 9712),Gliese 588 (CD-40 9712),19.29960.0031,168.99650.02708,M2V
Eta Cassiopeiae (Gliese 34),Achird (A),19.33140.0025,168.71860.02168,G0V
Eta Cassiopeiae (Gliese 34),Eta Cassiopeiae (Gliese 34) B,,,K7V
36 Ophiuchi (Gliese 663),Guniibuu (A),19.41850.0036,167.96170.03118,Unknown
36 Ophiuchi (Gliese 663),36 Ophiuchi (Gliese 663) B,,,K1V
36 Ophiuchi (Gliese 663),36 Ophiuchi (Gliese 663) C,,,M3.5V
"YZ Canis Minoris (Ross 882, Gliese 285)","YZ Canis Minoris (Ross 882, Gliese 285)",19.53300.0040,166.97690.03438,M5.5Ve
"GJ 1005 (Luyten 722-22, G 158-50)","GJ 1005 (Luyten 722-22, G 158-50) A",19.5770.035,166.60.372,Unknown
"GJ 1005 (Luyten 722-22, G 158-50)","GJ 1005 (Luyten 722-22, G 158-50) B",,,Unknown
"HR 7703 (279 G. Sagittarii, HD 191408, Gliese 783, IRAS 20079-3614)","HR 7703 (279 G. Sagittarii, HD 191408, Gliese 783, IRAS 20079-3614) A",19.6090.013,166.32720.10658,Unknown
"HR 7703 (279 G. Sagittarii, HD 191408, Gliese 783, IRAS 20079-3614)","HR 7703 (279 G. Sagittarii, HD 191408, Gliese 783, IRAS 20079-3614) B",,,Unknown
"82 G. Eridani (e Eridani, Gliese 139, HD 20794)","82 G. Eridani (e Eridani, Gliese 139, HD 20794)",19.70450.0093,165.52420.07848,G3V
"Gliese 268 (Ross 986, QY Aurigae)","Gliese 268 (Ross 986, QY Aurigae) A",19.74140.0076,165.21470.06368,Unknown
"Gliese 268 (Ross 986, QY Aurigae)","Gliese 268 (Ross 986, QY Aurigae) B",,,Unknown
Delta Pavonis,Delta Pavonis,19.8930.015,163.95440.12228,G8IV
SIMP J013656.5093347,SIMP J013656.5093347,19.9550.057,163.44780.46298,T2.5V
2MASS 09372931,2MASS 09372931,19.960.22,163.391.7673,T1V
Gliese 784 (HD 191849),Gliese 784 (HD 191849),20.10620.0028,20h 13m 53.4s45  09 50,M0V
WISE J22092711,WISE J22092711,20.170.25,22h 09m 05.7s27  11 44,Y0
"G 240-72 (LHS 455, GJ 1221, EGGR 372)","G 240-72 (LHS 455, GJ 1221, EGGR 372)",20.25880.0015,17h 48m 08.2s70  52 35,DXP9
"Gliese 555 (Wolf 1481, HN Librae, BD-11 3759)","Gliese 555 (Wolf 1481, HN Librae, BD-11 3759)",20.39470.0070,14h 34m 16.8s12  31 10,M4.0V
"EQ Pegasi (Gliese 896, BD19 5116)","EQ Pegasi (Gliese 896, BD19 5116) A",20.42770.0044,23h 31m 52.2s19  56 14,M3.5V
"EQ Pegasi (Gliese 896, BD19 5116)","EQ Pegasi (Gliese 896, BD19 5116) B",,,M4.5V
"Gliese 581 (Wolf 562, HO Librae)","Gliese 581 (Wolf 562, HO Librae)",20.54940.0039,15h 19m 26.8s07  43 20,M3.0V
WISE 14055534,WISE 14055534,20.620.34,14h 05m 18.3s55  34 21,Y0.5
"ADS 7251 (HD 79210, Gliese 338, MCC 541)","ADS 7251 (HD 79210, Gliese 338, MCC 541) A",20.65750.0026,09h 14m 22.8s52  41 12,M0V
"ADS 7251 (HD 79210, Gliese 338, MCC 541)","ADS 7251 (HD 79210, Gliese 338, MCC 541) B",,,K7V
LHS 2090 (LP 368-128),LHS 2090 (LP 368-128),20.73880.0071,09h 00m 23.6s21  50 05,M6.5V
"Furuhjelm 46 (HD 155876, Gliese 661)","Furuhjelm 46 (HD 155876, Gliese 661) A",20.820.18,17h 12m 07.9s45  39 57,M3 V
"Furuhjelm 46 (HD 155876, Gliese 661)","Furuhjelm 46 (HD 155876, Gliese 661) B",,,M3.5 V
2MASS 15032525,2MASS 15032525,20.940.10,15h 03m 19.6s25  25 20,T5.5
LP 944-20,LP 944-20,20.96150.0070,03h 39m 35.2s 35  25 44,M9V
LP 658-2 (EGGR 45),LP 658-2 (EGGR 45),21.01020.0024,05h 55m 09.5s04  10 07,DZ11
GL Virginis (G 12-30),GL Virginis (G 12-30),21.08320.0061,12h 18m 59.4s11  07 34,M5Ve
"Gliese 625 (AC 54 1646-56, G 202-48)","Gliese 625 (AC 54 1646-56, G 202-48)",21.13090.0022,16h 25m 24.6s54  18 15,M2.0V
V1054 Ophiuchi (HD 152751),Gliese 644 A,21.19610.0065,16h 55m 25.2s08  19 21,M3 V
V1054 Ophiuchi (HD 152751),Gliese 644 Ba,,,M4 Ve
V1054 Ophiuchi (HD 152751),Gliese 644 Bb,,,M4 Ve
V1054 Ophiuchi (HD 152751),Gliese 643,,,M3.5 V
V1054 Ophiuchi (HD 152751),vB 8 (Gliese 644 C),,,M7.0 V
GJ 1128 (L 100-115),GJ 1128 (L 100-115),21.21210.0034,09h 42m 46.3s68  53 06,M4.0V
"HD 219134 (HR 8832, Gliese 892)","HD 219134 (HR 8832, Gliese 892)",21.33640.0069,23h 13m 17.0s57  10 06,K3V
WISE 08252805,WISE 08252805,21.370.28,08h 25m 07.4s28  05 49,Y0.5
WISE 04101502,WISE 04101502,21.560.29,04h 10m 22.8s15  02 47,Y0
WISE J05211025,WISE J05211025,21.710.44,05h 21m 26.4s10  25 27,T7.5
"GJ 3737 (LHS 337, L 471-42)","GJ 3737 (LHS 337, L 471-42)",21.73240.0047,12h 38m 49.1s38  22 53,M4.5V
Gliese 408 (Ross 104),Gliese 408 (Ross 104),22.00810.0038,11h 00m 04.3s22  49 59,M3.0V
Xi Botis,Xi Botis A,22.01090.0081,14h 51m 23.4s19  06 02,G8Ve
Xi Botis,Xi Botis B,,,K4Ve
Gliese 299 (Ross 619),Gliese 299 (Ross 619),22.0790.014,08h 11m 57.6s08  46 22,M4.5V
GJ 3522 (G 41-14),GJ 3522 (G 41-14) A,22.080.30,08h 58m 56.3s08  28 26,M3.5V
GJ 3522 (G 41-14),GJ 3522 (G 41-14) B,,,M
GJ 3522 (G 41-14),GJ 3522 (G 41-14) C,,,M
Gliese 829 (Ross 775),Gliese 829 (Ross 775) A,22.11290.0039,21h 29m 36.8s17  38 36,M3M
Gliese 829 (Ross 775),Gliese 829 (Ross 775) B,,,M
Scholz's Star,Scholz's Star A,22.170.18,07h 20m 03.3s08  46 50,M9.5
Scholz's Star,Scholz's Star B,,,T5.5
WISE 19282356,WISE 19282356,22.280.18,19h 28m 41.5s23  56 02,T6
WISE J02540223,WISE J02540223,22.320.23,02h 54m 09.6s02  23 59,T8
LTT 1445 (BD-17 588),LTT 1445 (BD-17 588) A,22.38670.0037,03h 01m 51.4s16  35 36,M3.0
LTT 1445 (BD-17 588),LTT 1445 (BD-17 588) B,,,M3.5
LTT 1445 (BD-17 588),LTT 1445 (BD-17 588) C,,,M
Gliese 880 (HD 216899),Gliese 880 (HD 216899),22.39730.0039,22h 56m 34.8s16  33 12,M2.0V
CWISE J10555443,CWISE J10555443,22.52.62.0,10h 55m 12.1s54  43 28,Y0 (pec)
"Gliese 402 (EE Leonis, Wolf 358)","Gliese 402 (EE Leonis, Wolf 358)",22.72250.0045,10h 50m 52.0s06  48 29.2,M5.0V
Gliese 393 (BD01 2447),Gliese 393 (BD01 2447),22.95340.0034,10h 28m 55.6s00  50 28,M2.5V
Gliese 809 (HD 199305),Gliese 809 (HD 199305),22.96000.0026,20h 53m 19.8s62  09 16,M2.0V
LSPM J21463813 (UCAC4 642-113039),LSPM J21463813 (UCAC4 642-113039),22.98580.0034,21h 46m 22.1s38  13 05,M5V
"LHS 3003 (GJ 3877, LP 914-54)","LHS 3003 (GJ 3877, LP 914-54)",23.0030.010,14h 56m 38.3s28  09 47,M7.0V
WISE 20561459,WISE 20561459,23.160.33,20h 56m 28.9s14  59 54,Y0
GJ 1068 (L 230-188),GJ 1068 (L 230-188),23.18160.0035,04h 10m 28.1s53  36 08,M4.5
WISE J004945.61215120.0,WISE J004945.61215120.0,23.230.35,00h 49m 45.6s21  51 20,T8.5
GJ 1286 (G 157-77),GJ 1286 (G 157-77),23.40740.0074,23h 35m 10.5s02  23 21,M5.5V
"Gliese 105 (268 G. Ceti, HD 16160)","Gliese 105 (268 G. Ceti, HD 16160) A",23.55990.0071,02h 36m 04.9s06  53 13,M1V
"Gliese 105 (268 G. Ceti, HD 16160)","Gliese 105 (268 G. Ceti, HD 16160) B",,,M1V
"Gliese 105 (268 G. Ceti, HD 16160)","Gliese 105 (268 G. Ceti, HD 16160) C",,,M1V
2MASS J08354256-0819237,2MASS J08354256-0819237,23.5810.037,08h 35m 42.6s08  19 24,L5
GJ 4274 (L 788-34),GJ 4274 (L 788-34),23.59550.0082,22h 23m 07.0s17  36 26,M4.5Ve
Gliese 667 (142 G. Scorpii),Gliese 667 (142 G. Scorpii) A,23.62320.0048,17h 18m 57.2s34  59 23,K3V
Gliese 667 (142 G. Scorpii),Gliese 667 (142 G. Scorpii) B,,,K5V
Gliese 667 (142 G. Scorpii),Gliese 667 (142 G. Scorpii) C,,,M1.5V
WISE 06072429,WISE 06072429,23.6240.089,06h 07m 38.7s24  29 54,L8
WISE 03137807,WISE 03137807,24.050.51,03h 13m 26.0s78  07 44,T8.5
2MASS 1507-1627,2MASS 1507-1627,24.1690.047,15h 07m 47.7s16  27 389,L5.5
"HD 4628 (96 G. Piscium, Gliese 33)","HD 4628 (96 G. Piscium, Gliese 33)",24.2500.010,00h 48m 23.0s05  16 50,K2.5V
Beta Hydri,Beta Hydri,24.3270.020,00h 25m 45.1s 77  15 15,G2IV
WISE J20003629,WISE J20003629,24.450.41,20h 00m 50.2s36  29 50,T8
GJ 3991 (G 203-47),GJ 3991 (G 203-47) A,24.7840.081,17h 09m 32.0s43  40 49,M3.5V
GJ 3991 (G 203-47),GJ 3991 (G 203-47) B,,,D
Alpha Piscis Austrini,B (TW PsA),24.79290.0052,22h 56m 24.17s31  33 56,K5Vp
107 Piscium,107 Piscium,24.8050.029,01h 42m 29.8s20  16 07,K1V
G 141-36,G 141-36,24.84450.0075,18h 48m 17.5s07  41 21,M6V
Gliese 514 (BD11 2576),Gliese 514 (BD11 2576),24.87820.0051,13h 29m 59.8s10  22 38,M1.0V
WISE 17382732,WISE 17382732,24.920.41,17h 38m 35.5s27  32 59,Y0
GJ 4053 (G 258-33),GJ 4053 (G 258-33),24.92540.0041,18h 18m 57.2s66  11 33,M4.5V
WISE J23540240,WISE J23540240,24.970.65,23h 54m 02.8s02  40 14,Y1
GJ 4248 (L 499-56),GJ 4248 (L 499-56),25.0080.010,22h 02m 29.4s37  04 51,M3.5
Mu Cassiopeiae (Gliese 53),Mu Cassiopeiae (Gliese 53) A,25.0330.084,01h 08m 16.4s54  55 13,G5VIp
Mu Cassiopeiae (Gliese 53),Mu Cassiopeiae (Gliese 53) B,,,M5V
Alpha Piscis Austrini,C (LP 876-10),25.03680.0062,22h 48m 04.5s24  22 08,M4V
Vega (Alpha Lyrae),Vega (Alpha Lyrae),25.045  0.069,18h 36m 56.3s38  47 01,A0Va
VX Arietis (Gliese 109),VX Arietis (Gliese 109),25.05130.0054,02h 44m 15.5s25  31 24,M1V
Alpha Piscis Austrini,A (Fomalhaut),25.1260.091,22h 57m 39.0s29  37 20,A3V
AN Sextantis (Gliese 382),AN Sextantis (Gliese 382),25.13640.0049,10h 12m 17.7s03  44 44,M1V
Gliese 673 (HD 157881),Gliese 673 (HD 157881),25.15750.0034,17h 25m 45.2s02  06 41,K7V
SIPS 1259-4336,SIPS 1259-4336,25.2000.012,12h 59m 04.7s43  36 24,M7.5V
"LHS 1070 (LP 881-64, GJ 2005)","LHS 1070 (LP 881-64, GJ 2005) A",25.2220.024,00h 24m 44.2s27  08 25,M5.5-6V
"LHS 1070 (LP 881-64, GJ 2005)","LHS 1070 (LP 881-64, GJ 2005) B",,,M8.5V
"LHS 1070 (LP 881-64, GJ 2005)","LHS 1070 (LP 881-64, GJ 2005) C",,,M9-9.5V
G 192-13 (GJ 3378),G 192-13 (GJ 3378),25.22450.0055,06h 01m 11.0s59  35 50,M4.0Ve
Gliese 701 (HD 165222),Gliese 701 (HD 165222),25.24070.0050,18h 05m 07.6s03  01 53,M1V
GJ 1093 (G 109-35),GJ 1093 (G 109-35),25.2860.012,06h 59m 28.8s19  20 56,M5Ve
LP 71-82 (G 227-22),LP 71-82 (G 227-22),25.42030.0063,18h 02m 16.6s64  15 44,M5.0V
WISE 18000134,WISE 18000134,25.470.10,18h 00m 26.5s01  34 57,L7.5
Gliese 623,Gliese 623 A,25.5850.097,16h 24m 09.3s48  21 11,M3.0Ve
Gliese 623,Gliese 623 B,,,M
WISE J00053737,WISE J00053737,25.700.43,00h 05m 17.5s37  37 21,T9
Gliese 54 (CD-68 47),Gliese 54 (CD-68 47) A,25.7020.081,01h 10m 22.9s67  26 42,M2.5V
Gliese 54 (CD-68 47),Gliese 54 (CD-68 47) B,,,M
2MASS 0729-39,2MASS 0729-39,25.821.82,07h 29m 00.0s39  54 04,T8
GJ 1224 (G 154-44),GJ 1224 (G 154-44),25.99870.0063,18h 07m 32.8s15  57 47,M4Ve
SCR J07404257,SCR J07404257,26.02950.0045,07h 40m 11.8s42  57 40,M4.5
"BB Capricorni (Wolf 922, Gliese 831)","BB Capricorni (Wolf 922, Gliese 831) A",26.0300.062,21h 31m 18.6s09  47 26,M4.5V
"BB Capricorni (Wolf 922, Gliese 831)","BB Capricorni (Wolf 922, Gliese 831) B",,,M
Gliese 257 (CD-44 3045),Gliese 257 (CD-44 3045) A,26.22740.0084,06h 57m 46.6s44  17 28,M3.5V
Gliese 257 (CD-44 3045),Gliese 257 (CD-44 3045) B,,,M
GJ 1151 (G 122-49),GJ 1151 (G 122-49),26.2310.012,11h 50m 57.7s48  22 39,M7
Gliese 480.1 (L 399-68),Gliese 480.1 (L 399-68),26.26370.0062,12h 40m 46.3s43  33 59,M3V
Pi3 Orionis (Tabit),Pi3 Orionis (Tabit),26.3160.036,04h 49m 50.4s06  57 41,F6V
Gliese 486 (Wolf 437Gar),Gliese 486 (Wolf 437Gar),26.35060.0070,12h 47m 56.6s09  45 05,M3.5Ve
2MASS J214816284003593,2MASS J214816284003593,26.370.08,21h 48m 16.3s40  03 59,L6.5pec (red)
Gliese 793 (G 262-15),Gliese 793 (G 262-15),26.37640.0032,20h 30m 32.0s65  26 58,M3V
GJ 1154 (G 13-22),GJ 1154 (G 13-22),26.37890.0096,12h 14m 16.5s00  37 26,M4.5Ve
Gliese 300 (L 674-15),Gliese 300 (L 674-15),26.47300.0051,08h 12m 40.9s21  33 07,M3.5V
"G 99-47 (EGGR 290, GJ 1087)","G 99-47 (EGGR 290, GJ 1087)",26.47400.0037,05h 56m 25.5s05  21 48,DAP8.9
Gliese 686,Gliese 686,26.61320.0038,17h 37m 53.3s18  35 30,MV
"Gliese 293 (LAWD 26, L 97-12)","Gliese 293 (LAWD 26, L 97-12)",26.64390.0025,07h 53m 08.1s67  47 31,DC8.8
UGPS J05213640,UGPS J05213640,26.690.35,05h 21m 26.9s36  41 00,T8.5
p Eridani (Gliese 66),p Eridani (Gliese 66) A,26.73340.0070,01h 39m 47.6s56  11 47,K2V
p Eridani (Gliese 66),p Eridani (Gliese 66) B,,,K2V
L 173-19,L 173-19,26.79820.0070,02h 00m 38.3s55  58 05,MV
Gliese 884 (HD 217357),Gliese 884 (HD 217357),26.85020.0055,23h 00m 16.1s22  31 28,K7Vk
Gliese 48 (Ross 318),Gliese 48 (Ross 318),26.85300.0035,01h 02m 32.2s71  40 47,M3.0Ve
WISEPC J115013.88630240.7,WISEPC J115013.88630240.7,26.870.61,11h 50m 13.9s63  02 42,T8
Gliese 747 (G 207-16),Gliese 747 (G 207-16) A,27.1340.045,19h 07m 43.0s32  32 42,M3V
Gliese 747 (G 207-16),Gliese 747 (G 207-16) B,,,M
2MASS 0348-6022,2MASS 0348-6022,27.160.41,03h 48m 07.7s60  22 27,T7
Chi Draconis,Chi Draconis A,27.170.13,18h 21m 03.4s72  43 58,F7V
Chi Draconis,Chi Draconis B,,,K0V
"WD 2359-434 (LAWD 96, Gliese 915)","WD 2359-434 (LAWD 96, Gliese 915)",27.1760.0049,00h 02m 10.7s43  09 55,DAP5.8
Mu Herculis,Aa,27.1970.035,17h 46m 27.5s27  43 15,G5IV
Mu Herculis,Ab,,,M4V
Mu Herculis,Mu Herculis B,,,M3.5V
Mu Herculis,Mu Herculis C,,,M
Wolf 489,Wolf 489,27.23490.0069,13h 36m 31.8s03  40 45,DZ10.0
GJ 1227 (G 227-29),GJ 1227 (G 227-29),27.23600.0078,18h 22m 27.1s62  03 02,M4.0V
GJ 1289 (G 130-4),GJ 1289 (G 130-4),27.2750.013,23h 43m 06.3s36  32 13,MV
Gliese 185 (HD 32450),Gliese 185 (HD 32450) A,27.27660.0096,05h 02m 28.5s21  15 24,M1V
Gliese 185 (HD 32450),Gliese 185 (HD 32450) B,,,M1V
SCR 1138-7721,SCR 1138-7721,27.32960.0070,11h 38m 16.8s77  21 49,MV
SCR J15465534,SCR J15465534 A,27.390.16,15h 46m 41.7s55  34 47,M7.5
SCR J15465534,SCR J15465534 B,,,T8
2MASS J003451570523050,2MASS J003451570523050,27.450.64,00h 34m 51.6s05  23 05,T6.5
TYC 3980-1081-1,A (IRAS 215005903),27.6040.0036,21h 51m 38.3s59  17 40,M3.5V
TYC 3980-1081-1,B (UCAC4 747-070768),,,DAH
Beta Canum Venaticorum (Chara),Beta Canum Venaticorum (Chara),27.6340.036,12h 33m 44.5s41  21 27,G0V
Gliese 232 (Ross 64),Gliese 232 (Ross 64),27.70460.0065,06h 24m 41.3s23  25 59,M4V
Gliese 618 (CD-37 10765),Gliese 618 (CD-37 10765) A,27.76470.0069,16h 20m 03.5s37  31 44,M3V
Gliese 618 (CD-37 10765),Gliese 618 (CD-37 10765) B,,,M5
"Gliese 318 (CD-32 5613, LAWD 28)","Gliese 318 (CD-32 5613, LAWD 28)",27.78260.0049,08h 41m 32.4s32  56 33,DA5.5
61 Virginis,61 Virginis,27.8360.035,13h 18m 24.3s18  18 40,G7V
GJ 1276 (EGGR 453),GJ 1276 (EGGR 453),27.84360.0081,22h 53m 53.3s06  46 54,DZ
Gliese 493.1 (Wolf 461),Gliese 493.1 (Wolf 461),27.8690.015,13h 00m 33.5s05  41 08,M4.5Ve
GJ 3454 (G 89-32),GJ 3454 (G 89-32) A,27.970.23,07h 36m 25.1s07  04 43,M4.5V
GJ 3454 (G 89-32),GJ 3454 (G 89-32) B,,,M
CWISEP 0402-2651,CWISEP 0402-2651,28.025.994.20,02h 02m 16.2s10  20 14,Y1
Gliese 877 (L 49-19),Gliese 877 (L 49-19),28.04120.0041,22h 55m 45.5s75  27 31,M3V
CD Ceti (GJ 1057),CD Ceti (GJ 1057),28.0520.010,03h 13m 22.9s04  46 29,M4.5Ve
Zeta Tucanae,Zeta Tucanae,28.0730.032,00h 20m 04.3s64  52 29,F9.5V
LP 502-56 (NLTT 40406),LP 502-56 (NLTT 40406),28.1070.011,15h 30m 30.3s09  26 01,M5.5V
WISE 16475632,WISE 16475632,28.129.375.62,16h 47m 15.8s56  32 06,T6
CWISE 06171945,CWISE 06171945 A,28.25.734,06h 17m 41.8s19  45 13,L2
CWISE 06171945,CWISE 06171945 B,,,L4
GJ 3517 (LP 666-9),GJ 3517 (LP 666-9),28.2420.018,08h 53m 36.2s03  29 32,M9V
Chi1 Orionis,Chi1 Orionis A,28.2560.066,05h 54m 23.0s20  16 34,G0V
Chi1 Orionis,Chi1 Orionis B,,,Unknown
AP Columbae,AP Columbae,28.26360.0073,06h 04m 32.2s 34  33 36,M4.5Ve
SIPS J1141-3624 (PM J11413-3624),SIPS J1141-3624 (PM J11413-3624),28.34080.0088,11h 41m 21.5s36  24 35,M5
GJ 1207 (G 19-7),GJ 1207 (G 19-7),28.38220.0062,16h 57m 05.7s04  20 56,M3.5Ve
LP 991-84,LP 991-84,28.4590.010,39h 54m 21.7s39  36 09,M4.5V
Xi Ursae Majoris,Aa (Alula Australis),28.490.11,11h 18m 10.9s31  31 45,F8.5V
Xi Ursae Majoris,Ab,,,M
Xi Ursae Majoris,Ba,,,G2V
Xi Ursae Majoris,Bb,,,M
Xi Ursae Majoris,WISE J11183125,,,T8.5
2MASS 00361821 (LSPM J00361821),2MASS 00361821 (LSPM J00361821),28.4920.034,00h 36m 16.17s18  21 10.4,L3.5
Gliese 250 (HD 50281),Gliese 250 (HD 50281) A,28.53730.0055,06h 52m 18.1s05  10 25,K3V
Gliese 250 (HD 50281),Ba,,,M2.5V
Gliese 250 (HD 50281),Bb,,,Unknown
Gliese 450 (MCC 135),Gliese 450 (MCC 135),28.58880.0048,11h 51m 07.3s35  16 19,M1.5V
GJ 1103,GJ 1103 A,28.61,,M4.5V
GJ 1103,GJ 1103 B,,,MV
WISENF 19360408,WISENF 19360408,28.640.99,19h 36m 56.1s04  08 01,Y0
41 G. Arae,41 G. Arae A,28.6730.018,17h 19m 03.8s46  38 10,G8V
41 G. Arae,Ba,,,M0V
41 G. Arae,Bb,,,Unknown
"HD 192310 (5 G. Capricorni, HR 7722, Gliese 785)","HD 192310 (5 G. Capricorni, HR 7722, Gliese 785)",28.7390.013,20h 15m 17.4s27  01 59,K2V
Gliese 849,Gliese 849,28.75030.0076,22h 09m 40.3s 04  38 27,M3.5V
HU Delphini (Gliese 791.2),HU Delphini (Gliese 791.2) A,28.7620.051,20h 29m 48.3s09  41 20,M4.5V
HU Delphini (Gliese 791.2),HU Delphini (Gliese 791.2) B,,,M
Gliese 745,A (Ross 730),28.80660.0049,19h 07m 05.6s20  53 17,M2.0V
Gliese 745,B (HD 349726),,,M2V
IRAS 06355-7535 (LDS 169),A (L 32-9),28.83010.0043,06h 33m 47.0s75  37 46,M2V
IRAS 06355-7535 (LDS 169),B (L 32-8),,,M3V
"HR 1614 (284 G. Eridani, HD 32147, Gliese 183)","HR 1614 (284 G. Eridani, HD 32147, Gliese 183)",28.84510.0057,05h 00m 49.0s05  45 13,M1V
GJ 1105 (G 111-47),GJ 1105 (G 111-47),28.86530.0066,07h 58m 12.7s41  18 13,M3.5Ve
Gliese 867,A (FK Aquarii),28.86680.0099,22h 38m 45.6s20  37 16,M0Vep
Gliese 867,B (FL Aquarii),,,M3.5V
Gliese 867,Gliese 867 C,,,Unknown
Gliese 867,Gliese 867 D,,,Unknown
Ross 695 (Gliese 465),Ross 695 (Gliese 465),28.94690.0062,12h 24m 52.5s18  14 32,M2
SCR J0630-7643,SCR J0630-7643 A,28.9510.024,06h 30m 46.6s76  43 09,M6.0
SCR J0630-7643,SCR J0630-7643 B,,,M
DENIS 0334-49 (LEHPM 3396),DENIS 0334-49 (LEHPM 3396),28.9630.014,03h 34m 12.2s49  53 32,M9V
2MASS 07271710,2MASS 07271710,28.990.23,07h 27m 18.2s17  10 01,T7
Gamma Leporis,Gamma Leporis A,29.00040.0058,05h 44m 27.8s22  26 54,F6V
Gamma Leporis,B (AK Leporis),,,K2V
WISE1810,WISE1810,29.032.281.95,18h 10m 06.18s10  10 00.5,esdT8-esdT939
GJ 2066 (G 113-20),GJ 2066 (G 113-20),29.15500.0059,08h 16m 08.0s01  18 09,M2.0V
"LHS 224 (G 193-27, GJ 3421)","LHS 224 (G 193-27, GJ 3421) A",29.430.19,07h 03m 55.7s52  42 07,M5.0Ve
"LHS 224 (G 193-27, GJ 3421)","LHS 224 (G 193-27, GJ 3421) B",,,M
SZ Ursae Majoris,SZ Ursae Majoris,29.5880.0045,11h 20m 04.8s65  50 47,M2V
Gliese 433,Gliese 433,29.60450.0055,11h 35m 26.9s32  32 24,M2V
Delta Eridani (Rana),Delta Eridani (Rana),29.6440.052,03h 43m 14.9s 09  45 48,KIV
Gliese 508 (HD 115953),Aa,29.650.23,13h 19m 45.5s47  46 41,M2V
Gliese 508 (HD 115953),Ab,,,Unknown
Gliese 508 (HD 115953),Gliese 508 (HD 115953) B,,,Unknown
GJ 3146 (LP 469-206),GJ 3146 (LP 469-206),29.6640.019,02h 16m 30.0s13  35 13,M5.0Ve
"LHS 1126 (GJ 2012, EGGR 246)","LHS 1126 (GJ 2012, EGGR 246)",29.67010.0055,00h 41m 26.0s22  21 02,DQ9
V374 Pegasi,V374 Pegasi,29.68980.0070,22h 01m 13.1s28  18 25,M3.5Ve
2MASSI J0652307471034,2MASSI J0652307471034,29.7140.076,06h 52m 30.7s47  10 35,L4.5
WT 460,WT 460 A,29.7230.063,14h 11m 59.9s41  32 22,M5.5e
WT 460,WT 460 B,,,Unknown
Gliese 283 (L 745-46),"A (LP 783-3, LAWD 25)",29.82850.0049,07h 40m 20.8s17  24 49,DAZ6
Gliese 283 (L 745-46),B (LP 783-2),,,M6.5V
WISE 07132917,WISE 07132917,29.840.58,07h 13m 22.6s29  17 52,Y0
2MASS J035523371133437,2MASS J035523371133437,29.880.13,03h 55m 23.4s11  33 44,L5
WISEP J213456.73-713743.6,WISEP J213456.73-713743.6,29.901.05,21h 34m 56.7s71  37 45,T9pec
"Groombridge 1830 (CF Ursae Majoris, HD 103095)","Groombridge 1830 (CF Ursae Majoris, HD 103095)",29.91450.0054,11h 52m 58.8s37  43 07,G8VIp
GJ 3801 (Ross 1015),GJ 3801 (Ross 1015),29.9800.012,13h 42m 43.3s33  17 24,M4V
Beta Comae Berenices,Beta Comae Berenices,29.9980.045,13h 11m 52.4s27  52 41,G0V
CFBDS J005910.90 011401.3 (CFBDS J005910-011401),CFBDS J005910.90 011401.3 (CFBDS J005910-011401),30  1,,T8.5
GJ 3325,GJ 3325,30.03  0.72,,M3V
WISE 04586434 (WISEPC J045853.90643451.9),WISE 04586434 (WISEPC J045853.90643451.9) A,30.1  0.5,,T8.5
WISE 04586434 (WISEPC J045853.90643451.9),WISE 04586434 (WISEPC J045853.90643451.9) B,,,T9.5
GJ 3421,GJ 3421,30.1  0.6,,M4.5V
2MASS 1750-00,2MASS 1750-00,30.1,,L5.5
WISE 18043117,WISE 18043117,30.2,,T9.5
Gamma Pavonis,Gamma Pavonis,30.20  0.03,21h 26m 26.60484s65  21 58.3145citation needed,F9VFe-1.4 CH-0.7
GJ 3135,GJ 3135,30.25,,M2.5V
Kappa Ceti,Kappa Ceti,30.26  0.05,,G5Vv
SDSS J141624.08134826.7 (SDSS J14161348),SDSS J141624.08134826.7 (SDSS J14161348) A,30.27  0.06,,sdL7
SDSS J141624.08134826.7 (SDSS J14161348),SDSS J141624.08134826.7 (SDSS J14161348) B,,,T7.5p
HD 102365 (66 G. CentauriGliese 442),HD 102365 (66 G. CentauriGliese 442) B,30.362  0.010,11h 46m 32.68988s40  29 47.6048citation needed,M4V
HD 102365 (66 G. CentauriGliese 442),HD 102365 (66 G. CentauriGliese 442) A,30.40  0.02,11h 46m 31.07253s40  30 01.2859citation needed,G2V
2MASS J00115908,2MASS J00115908,30.37,,M6V
GJ 1123,GJ 1123,30.51  0.28,,M4.5V
Gliese 190,Gliese 190,30.52  0.18,,M1V
Gliese 226,Gliese 226,30.60  0.12,,M2.5V
GJ 3306 (LHS 194),GJ 3306 (LHS 194),30.69  0.39,,DQ8
Gliese 367 (Aauca),Gliese 367 (Aauca),30.719  0.004,,M1.0V
Gliese 357,Gliese 357,30.776  0.007,,M2.5V
2MASS J11592743-5247188,2MASS J11592743-5247188,30.9  0.04,,M9V
2MASS 00340523,2MASS 00340523,30.9  2.42.1,,T6.5
Gliese 694,Gliese 694,30.92  0.34,,M2V
Gliese 176,Gliese 176,30.937  0.006,,M1V
GJ 3512,GJ 3512,30.976  0.009,,M5.7
GJ 1065,GJ 1065,30.98  0.98,,M3V
CWISEP J14462317,CWISEP J14462317,31  2,,Y1
GJ 1227,GJ 1227,31.06  1.78,,M4.0V
GJ 3380,GJ 3380,31.075,,M5V
HR 4458 (289 G. Hydrae),HR 4458 (289 G. Hydrae) B,31.164  0.008,,DC8
HR 4458 (289 G. Hydrae),HR 4458 (289 G. Hydrae) A,31.177  0.008,,K0V
2MASS J11553952-3727350,2MASS J11553952-3727350,31.2  1.5,,L2.3
61 Ursae Majoris,61 Ursae Majoris,31.24  0.04,,G8V
Wolf 1069,Wolf 1069,31.229  0.008,,dM5.0
Gliese 358,Gliese 358,31.36  0.12,,M3V
WISEA J11413326,WISEA J11413326,31.4  0.9,,Y0
TYC 3251-1875-1,TYC 3251-1875-1,31.51  5.90,,MV
LHS 6167,LHS 6167,31.57  0.30,,M4.5V
WISE J140533.32835030.5,WISE J140533.32835030.5,31.6  5.5,,L8
Gliese 479,Gliese 479,31.61  0.68,,M3V(e)
AU Microscopii,AU Microscopii,31.683  0.007,,M1Ve
GJ 1138,GJ 1138,31.70  0.96,,M5V
Gliese 436 (Noquisi),Gliese 436 (Noquisi),31.882  0.009,,M2.5V
LP 655-48,LP 655-48,31.96  0.33,,M7.5Ve
WISE 0811-8051,WISE 0811-8051,32,,T9.5
GJ 3112 (LHS 145),GJ 3112 (LHS 145),32.04  0.25,,DA8.1
GJ 3253,GJ 3253,32.11  0.64,,M5V
Gliese 638,Gliese 638,32.114  0.005,,K7.5Ve
Gliese 4951,Gliese 4951 A,32.158  0.005,,M1.5V
Gliese 4951,Gliese 4951 B,,,M5V
12 Ophiuchi,12 Ophiuchi,32.27  0.02,,K2V
GJ 3988,GJ 3988,32.30  0.01,,M5V
HD 232979,HD 232979,32.320  0.009,,M0.5V
GJ 3119,GJ 3119,32.36  0.59,,M4.5Ve
Gliese 680,Gliese 680,32.37  0.26,,M3V
Gliese 569 A,Gliese 569 A,32.466  0.007,,M3V
WISE 16141739,WISE 16141739,32.6,,T9
ULAS 133511,ULAS 133511,32.6  0.5,,T9
HD 260655 (Gliese 239),HD 260655 (Gliese 239),32.608  0.007,,M0V
GJ 1125,GJ 1125,32.61  0.17,,M3.5Ve
10 parsecs (about 32.616 ly),10 parsecs (about 32.616 ly),10 parsecs (about 32.616 ly),10 parsecs (about 32.616 ly),10 parsecs (about 32.616 ly)
GJ 3976,GJ 3976,32.71  1.02,,M5V
GJ 3182,GJ 3182,32.73  0.10,,DAZ9.5
Gliese 22,Gliese 22 A,32.82  0.69,,M2.5Ve
Gliese 22,Gliese 22 B,,,M3V
Gliese 22,Gliese 22 C,,,M
HR 5256,HR 5256,32.83  0.11,,K3V
HR 511,HR 511,32.84  0.18,,K0V
WISE 11506302,WISE 11506302,32.9,,T8
WISE 1318-1758,WISE 1318-1758,32.9,,T9
Gliese 678.1 A,Gliese 678.1 A,33.12  0.10,,M1.0Ve
Gliese 453,Gliese 453,33.13  0.19,,K4V
Alpha Mensae (Hoerikwaggo),Alpha Mensae (Hoerikwaggo) A,33.26  0.05,,G7V
Alpha Mensae (Hoerikwaggo),Alpha Mensae (Hoerikwaggo) B,,,M3.5-6.5 V
Gliese 1277,Gliese 1277,33.59  0.33,,M1V
Pollux (Beta Geminorum),Pollux (Beta Geminorum),33.78  0.09,,K0III
2MASS J21390220,2MASS J21390220,33.8  0.4,,T1.5
Gliese 649,Gliese 649,33.84  0.12,,M1.5V
Gliese 339.1,Gliese 339.1,33.52  0.64,,DC7P
SCR J0533-4257,SCR J0533-4257,33.75  0.64,,M4.5V
HD 17925 (32 G. Eridani),HD 17925 (32 G. Eridani),33.76  0.14,,K1V
2MASS 0559-1404,2MASS 0559-1404,33.76  0.35,,T4.5
2MASS 12376526,2MASS 12376526,33.9  1.8,,T6.5V
WISE 1322-2340,WISE 1322-2340,33.9,,T8
Gliese 595,Gliese 595,34.01  1.87,,M3
Gliese 127.1,Gliese 127.1,34.08  0.62,,M1V
WISE J20300749,WISE J20300749,34.2  8.5,,T1.5
L 363-38 (GJ 3049),L 363-38 (GJ 3049),34.25  0.50,,M3
Iota Persei,Iota Persei,34.38  0.08,,G0V
2MASS 10472124,2MASS 10472124,34.4  1.4,,T6.5
WD 0821-669,WD 0821-669,34.44  0.20,,DA9.8
2MASS J005019943322402,2MASS J005019943322402,34.5  0.9,,T7
Gliese 653654,Gliese 653654 A,34.60  0.35,,K45V
Gliese 653654,Gliese 653654 B,,,M1.5V
L 98-59,L 98-59,34.6,,M3V
WISE 0148-7202,WISE 0148-7202,34.6,,T9.5
2MASS 2228-4310,2MASS 2228-4310,34.7  2.82.4,,T6.5
2MASS J082519682115521,2MASS J082519682115521,34.8  0.4,,L7.5
2MASS 0243-2453,2MASS 0243-2453,34.8  1.4,,T6
WISE 0734-7157,WISE 0734-7157,34.9,,Y0
Zeta Herculis,Zeta Herculis A,34.95  0.18,,F9IV
Zeta Herculis,Zeta Herculis B,,,G7V
Gliese 617,Gliese 617 A,34.99  0.14,,M1-Ve
Gliese 617,Gliese 617 B,,,M3.0Ve
AT Microscopii,AT Microscopii A,35  1,,M4Ve
AT Microscopii,AT Microscopii B,,,M4.5Ve
TVLM513-46546,TVLM513-46546,35.1  0.09,,M8.5V
Gliese 203,Gliese 203,35.11  0.92,,M3.5Ve
Gliese 3820,Gliese 3820,35.12  0.32,,M4.5V
SCR J0838-5855,SCR J0838-5855 A,35.16  0.22,,M6.0
SCR J0838-5855,SCR J0838-5855 B,,,M
HR 9038,HR 9038 A,35.2  0.2,,K3V
HR 9038,HR 9038 B,,,K3V
HR 9038,HR 9038 C,,,M2
Gliese 488,Gliese 488,35.2  0.4,,MV
Delta Trianguli,Delta Trianguli A,35.4  0.3,,G0V
Delta Trianguli,Delta Trianguli B,,,K
L 34-26,L 34-26,35.52  0.06,,M3
GJ 4063,GJ 4063,35.5292,,M4V
Beta Virginis (Zavijava),Beta Virginis (Zavijava),35.6  0.3,,F9V
Gliese 86,Gliese 86 A,35.6  0.2,,K1V
Gliese 86,Gliese 86 B,,,DQ6
SCR J1214-2345,SCR J1214-2345 A,35.69  0.60,,M4.5
SCR J1214-2345,SCR J1214-2345 B,,,T1
G 239-25,G 239-25,35.77  0.12,,M3V
HD 160346,HD 160346,35.88  0.27,,K3V
2MASS J19513587-3510375,2MASS J19513587-3510375,35.88  6.52,,M4
WISE 2313-0837,WISE 2313-0837,35.9,,T8
Gliese 438,Gliese 438,35.94  0.19,,MV
L 369-44,L 369-44 A,36.168,,M5
L 369-44,L 369-44 B,,,M
2MASS J16452211-1319516,2MASS J16452211-1319516,36.19  0.33,,L1.5
Denebola (Beta Leonis),Denebola (Beta Leonis),36.2  0.4,,A3V
HR 6806 (HD 166620),HR 6806 (HD 166620),36.2  0.2,,K2V
54 Piscium,54 Piscium A,36.2  0.3,,K0V
54 Piscium,54 Piscium B,,,T7.5V
HIP 57050 (GJ 1148),HIP 57050 (GJ 1148),36.2  1.1,,MV
Gamma Serpentis,Gamma Serpentis,36.3  0.3,,F6V
HD 74576,HD 74576,36.3  0.2,,KV
HD 85512,HD 85512,36.4  0.3,,K5V
Gliese 325,Gliese 325 A,36.4  1.51.4,,KV
Gliese 325,Gliese 325 B,,,M
WD 0810 353 (UPM J0812-3529),WD 0810 353 (UPM J0812-3529),36.439  0.006,,DAH
11 Leonis Minoris,11 Leonis Minoris A,36.5  0.3,,G8V
11 Leonis Minoris,11 Leonis Minoris B,,,M5V
WISE 03250831,WISE 03250831,36.5,,T7
Theta Persei,Theta Persei A,36.6  0.3,,F7V
Theta Persei,Theta Persei B,,,M1V
HD 115404,HD 115404 A,36.6  0.4,,K2V
HD 115404,HD 115404 B,,,M1V
Arcturus (Alpha Botes),Arcturus (Alpha Botes),36.7  0.3,,K0III
ADS 48,ADS 48 A,36.7  0.6,,K6V
ADS 48,ADS 48 B,,,M0.5V
G 107-6970,G 107-6970 A,36.76  0.01,,M4.5
G 107-6970,G 107-6970 B,,,DA
G 107-6970,G 107-6970 C,,,DA
WISE 00382768,WISE 00382768,36.9,,T9
Eta Botis (Muphrid),Eta Botis (Muphrid),37.0  0.3,,G0IV
Gliese 208,Gliese 208,37.1  0.6,,M0.0 Ve
Gliese 902,Gliese 902,37.2  0.3,,KV
WISE 0627-1114,WISE 0627-1114,37.2,,T6
WISE 1959-3338,WISE 1959-3338,37.2,,T8
Gliese 169,Gliese 169,37.4  0.5,,M1V
WISE 0623-0456,WISE 0623-0456,37.5,,T8
WISE 2325-4105,WISE 2325-4105,37.5,,T9pec
ADS 48 F,ADS 48 F,37.51  0.02,,M1V
HR 5553 (DE Botis),HR 5553 (DE Botis),37.6  0.4,,K0V
WISE 2340-0745,WISE 2340-0745,37.8,,T7
Gliese 3417,Gliese 3417,37.88  0.96,,M4.5V
Zeta Doradus,Zeta Doradus A,38.0  0.2,,F7V
Zeta Doradus,Zeta Doradus B,,,K7V
SCR J0640-0552,SCR J0640-0552,38.04  1.27,,M2
SSSPM J0829-1309,SSSPM J0829-1309,38.128  0.077,,L2
Iota Pegasi,Iota Pegasi A,38.3  0.3,,F5V
Iota Pegasi,Iota Pegasi B,,,G8V
Lambda Serpentis,Lambda Serpentis,38.3  0.4,,G0V
Gliese 773.6,Gliese 773.6,38.5  5.8,,KV
WISE J12068401,WISE J12068401,38.5  1.0,,Y0
Delta Capricorni (Deneb Algedi),Delta Capricorni (Deneb Algedi),38.6  0.4,,A7mIII
HD 125072,HD 125072,38.6  0.4,,K3IV
L 43-72,L 43-72,38.66  0.71,,M4.5
Gamma Virginis (Porrima),Gamma Virginis (Porrima) A,38.7  0.4,,F0V
Gamma Virginis (Porrima),Gamma Virginis (Porrima) B,,,F0V
L 449-1,L 449-1,38.7  0.6,,MV
WISE 0759-4904,WISE 0759-4904,38.8,,T8
Gliese 414 B (GJ 414),Gliese 414 B (GJ 414),38.7,,M2V
Gliese 414 A (GJ 414),Gliese 414 A (GJ 414),38.76,,K7V
WISE 0751-7634,WISE 0751-7634,39.1,,T9
G 180-060,G 180-060,39.20  1.19,,M6V
Gliese 806,Gliese 806,39.348  0.008,,dM1.5
Zeta Reticuli,Zeta Reticuli A,39.4  0.3,,G3V
Zeta Reticuli,Zeta Reticuli B,,,G2V
Zeta Trianguli Australis,Zeta Trianguli Australis,39.5  0.3,,F9V
85 Pegasi,85 Pegasi A,39.5  0.4,,G5Vb
85 Pegasi,85 Pegasi B,,,K7V
Gliese 798,Gliese 798,39.5  0.6,,KV
Gliese 180 (GJ 180),Gliese 180 (GJ 180),39.5  1.21.1,,M1V
TRAPPIST-1,TRAPPIST-1,39.5  1.3,,M8.2V
WISE 16534444,WISE 16534444,39.5,,T8
Gliese 3304,Gliese 3304,39.53  1.43,,M4.5V
HR 3384 (11 G. Pyxidis),HR 3384 (11 G. Pyxidis),39.7  0.3,,G9V
V538 Aurigae,V538 Aurigae,39.9  0.4,,K1V
Gliese 179,Gliese 179,40.1 2.11.9,,M1V
Beta Trianguli Australis,Beta Trianguli Australis,40.2  0.3,,F1V
Gliese 806,Gliese 806,40.2  0.9,,M1.5V
55 Cancri (Rho CancriCopernicus),55 Cancri (Rho CancriCopernicus) A,40.25  0.37,,G8V
55 Cancri (Rho CancriCopernicus),55 Cancri (Rho CancriCopernicus) B,,,M4V
Gliese 435,Gliese 435,40.8  0.5,,KV
Gliese 4360,Gliese 4360 A,40.77  0.65,,M5
Gliese 4360,Gliese 4360 B,,,M5
WISE 1051-2138,WISE 1051-2138,40.8,,T9
WISE J0457-0207,WISE J0457-0207,40.8  10.1,,T2
LHS 1140,LHS 1140,41,,M4.5V
HD 69830,HD 69830,41.0  0.4,,G8V
ULAS J0034-00,ULAS J0034-00,41.0 2.11.9,,Y0
WISE 15422230,WISE 15422230,41.1,,T9.5
Gliese 1132,Gliese 1132,41.15  0.02,,M1V
HR 483,HR 483 A,41.2  0.4,,G1.5V
HR 483,HR 483 B,,,MV
Lambda Aurigae (Al Hurr),Lambda Aurigae (Al Hurr),41.2  0.5,,G1V
Gliese 142,Gliese 142,41.2  1.2,,M1V
HD 175224,HD 175224,41.2  1.6,,MV
Innes' star,Innes' star,41.3,,MV
HD 14412,HD 14412,41.4  0.4,,G8V
Gliese 349,Gliese 349,41.4  0.6,,KV
44 Botis (i BotisQuadrans),44 Botis (i BotisQuadrans) A,41.6  0.3,,G0V
44 Botis (i BotisQuadrans),44 Botis (i BotisQuadrans) B,,,F
2MASS J0523-1403,2MASS J0523-1403,41.62,,L2.5
HD 158633,HD 158633,41.7  0.3,,K0V
Gliese 3707,Gliese 3707,41.75  1.30,,M3.5V
HD 40307,HD 40307,41.8  0.3,,K2.5V
36 Ursae Majoris,36 Ursae Majoris,41.9  0.4,,F8V
HD 147513,HD 147513,42.0  0.5,,G1V
Gliese 428,Gliese 428,42.0  1,,KV
WISE 08575604,WISE 08575604,42.1,,T8
HD 104304,HD 104304 A,42.1  0.4,,G8IV
HD 104304,HD 104304 B,,,M4V
Capella (Alpha Aurigae),Aa,42.9190.049,,G8III-G3III
Capella (Alpha Aurigae),Ab,,,G0III-G1III
Capella (Alpha Aurigae),Capella (Alpha Aurigae) H,43.52  0.01,,M2.5 V
Capella (Alpha Aurigae),Capella (Alpha Aurigae) L,43.38  0.03,,M4
Wolf 1473,Wolf 1473,42.26  0.92,,M3.5
Gliese 204,Gliese 204,42.3  0.5,,KV
HD 166348,HD 166348,42.3  0.7,,M0V
WISE 2019-1148,WISE 2019-1148,42.4,,T8.5
HD 172051,HD 172051,42.4  0.5,,G5V
Gliese 521,Gliese 521,42.4  0.9,,M1V
GRW 70 8247,GRW 70 8247,42.4 1.31.2,,DAw
Gliese 1001,Gliese 1001 A,42.44  2.08,,M1V
Gliese 1001,Gliese 1001 B,,,M1V
WISE 2134-7137,WISE 2134-7137,42.7,,T9
WISE 2359-7335,WISE 2359-7335,42.7,,T5.5
Gliese 167,Gliese 167,42.7  0.3,,M1V
HD 190007,HD 190007,42.8  0.6,,K4V
SZ Crateris,SZ Crateris,42.9  1,,KV
HD 170657,HD 170657,43.1  0.5,,K2V
58 Eridani,58 Eridani,43.4  0.5,,G1.5V
CW Ursae Majoris,CW Ursae Majoris,43.6,,M3.5V
Gliese 146,Gliese 146,43.6  0.5,,M1V
Gliese 1267,Gliese 1267,43.6  0.8,,M1V
Gliese 556,Gliese 556,43.8  0.4,,KV
Gliese 69,Gliese 69,43.8  0.7,,K5V
Upsilon Andromedae (Titawin),Upsilon Andromedae (Titawin) A,43.9  0.4,,F8V
Upsilon Andromedae (Titawin),Upsilon Andromedae (Titawin) B,,,M4.5V
Theta Ursae Majoris (Alhaud),Theta Ursae Majoris (Alhaud),44.0  0.4,,F6IV
HD 29697,HD 29697,44.0  0.8,,K3V
G 161-71,G 161-71,44.02  0.84,,M4.5
Gliese 868,Gliese 868,44.2  0.7,,K5V
WISE 03595401,WISE 03595401,44.3  1.2,,Y0
WISE 13110122,WISE 13110122,44.4,,T9
WISE 19527240,WISE 19527240,44.4,,T4
HD 211415,HD 211415 A,44.4  0.4,,G0V
HD 211415,HD 211415 B,,,MV
Gliese 528,Gliese 528 A,44.4  0.7,,K4V
Gliese 528,Gliese 528 B,,,dK6
G 29-38,G 29-38,44.4 2.62.3,,DAV4.4
HD 154577,HD 154577,44.6  0.6,,K2.5Vk
WISE 05130608,WISE 05130608,44.7,,T6.5
WISE 2255-3118,WISE 2255-3118,44.7,,T8
Beta Aquilae (Alshain),Beta Aquilae (Alshain),44.7  0.5,,G8IV
HD 166,HD 166,44.7  0.5,,G8V
Gliese 215,Gliese 215,44.7  0.7,,MV
10 Tauri,10 Tauri,44.8  0.5,,F8V
Gliese 615,Gliese 615,44.8  0.5,,KV
HD 166,HD 166,44.9  0.03,,K0 Ve
WISE J03042705,WISE J03042705,45  2,,Y0pec
WISE 22260440,WISE 22260440,45,,T8
Gamma Cephei (Errai),Gamma Cephei (Errai) A,45.0  0.3,,K1IVe
Gamma Cephei (Errai),Gamma Cephei (Errai) B,,,M4V
Iota Piscium,Iota Piscium,45.0  0.5,,F7V
WISE 0323-6025,WISE 0323-6025,45.3,,T8.5
GJ 898,GJ 898,45.5  0.9,,KV
Tau Eridani,Tau Eridani,45.6  0.5,,F7V
Alpha Fornacis (Dalim),Alpha Fornacis (Dalim) A,45.66  0.08,,F6V
Alpha Fornacis (Dalim),Ba,,,G7V
Alpha Fornacis (Dalim),Bb,,,D
18 Scorpii,18 Scorpii,45.7  0.6,,G2Va
Gliese 532,Gliese 532,45.7  0.6,,KV
WISE 03354310,WISE 03354310,45.7,,T9
WISE 07233403,WISE 07233403,45.7,,T9
HD 23356,HD 23356,45.8  0.6,,K2V
47 Ursae Majoris (Chalawan),47 Ursae Majoris (Chalawan),45.9  0.4,,G1V
26 Draconis,26 Draconis A,45.9  0.3,,F9V
26 Draconis,26 Draconis B,,,K3V
26 Draconis,26 Draconis C,,,M1V
Gliese 42,Gliese 42,45.9  0.5,,K3V
Gliese 400,Gliese 400,46.0  1.6,,MV
WISE 0819-0335,WISE 0819-0335,46,,T4
WISE 2209-2734,WISE 2209-2734,46,,T7
WISE 22377228,WISE 22377228,46,,T6
WISE 23441034,WISE 23441034,46,,T9
Gliese 726,Gliese 726,46.1  0.8,,K5V
Gliese 529,Gliese 529,46.3  0.7,,K5.5V
Gliese 282,Gliese 282 A,46.3  0.6,,K2V
Gliese 282,Gliese 282 B,,,K7V
Gliese 282,Gliese 282 C,,,M1.5Ve
Gliese 2130,Gliese 2130 A,46.31  0.99,,M1.5
Gliese 2130,Gliese 2130 B,,,M2.5
HR 7578,HR 7578,46.6,,K3V
Pi Ursae Majoris,Pi Ursae Majoris,46.6  0.5,,G1.5Vb
Gliese 481,Gliese 481,46.6  0.7,,K4V
WISE 04586434,WISE 04586434 A,46.6 17.49.9,,T8.5
WISE 04586434,WISE 04586434 B,,,T9.5
WISE 18282650,WISE 18282650,46.6 11.67.8,,Y2
Alpha Ophiuchi (Rasalhague),Alpha Ophiuchi (Rasalhague) A,46.7  0.6,,A5IVnn
Alpha Ophiuchi (Rasalhague),Alpha Ophiuchi (Rasalhague) B,,,K6V
Eta Cephei (Al Kidr),Eta Cephei (Al Kidr),46.8  0.3,,K0IV
Gliese 613,Gliese 613,46.8  0.6,,KV
Gliese 611,Gliese 611 A,46.9  0.4,,G8V
Gliese 611,Gliese 611 B,,,M4V
72 Herculis,72 Herculis,46.9  0.4,,G0V
HD 150689,HD 150689,46.9  0.7,,K2V
TYC 3135 52 1,TYC 3135 52 1,46.95,,M3V
Gliese 546,Gliese 546,47.0  0.7,,KV
HIP 79431,HIP 79431,47.0 2.22.0,,M3V
WISE 0223-2932,WISE 0223-2932,47,,T7.5
WISE 0500-1223,WISE 0500-1223,47,,T8
WISE 18122721,WISE 18122721,47,,T8.5
WISE 0535-7500,WISE 0535-7500,47,,Y1
CM Draconis,CM Draconis,47.1  1.8,,M4.5V
VHS J125804.89-441232.4,VHS J125804.89-441232.4,47.1  5.9,,T6
WISE 07445628,WISE 07445628,47.3,,T8
WISE 1309-1600,WISE 1309-1600,47.3,,T
Theta Botis (Asellus Primus),Theta Botis (Asellus Primus) A,47.5  0.4,,F7V
Theta Botis (Asellus Primus),Theta Botis (Asellus Primus) B,,,M2.5V
Gliese 1214 (Orkaria),Gliese 1214 (Orkaria),47.5  0.4,,M1V
Nu Lupi,Nu Lupi,47.5  0.5,,G2V
HIP 79431 (Sharjah),HIP 79431 (Sharjah),47.54  0.02,,M3V
WISE 00400900,WISE 00400900,47.6,,T7
WISE 1018-2445,WISE 1018-2445,47.6,,T8
Iota Ursae Majoris (Talitha),Iota Ursae Majoris (Talitha),47.7  0.6,,A7IV
Gliese 259,Gliese 259,47.7  0.5,,K1V
111 Tauri,111 Tauri A,47.8  0.7,,F8V
111 Tauri,111 Tauri B,,,K5V
HD 196761,HD 196761,47.8  0.6,,G8V
OU Geminorum,OU Geminorum,47.8  0.8,,K3V
Gliese 604,Gliese 604,47.8  0.7,,KV
Psi Capricorni (Yue),Psi Capricorni (Yue),47.9  0.6,,F5V
Psi Serpentis,Psi Serpentis A,47.9  0.6,,G5V
Psi Serpentis,Psi Serpentis B,,,K2
Gliese 420,Gliese 420,47.9  0.8,,KV
WISE 2018-7423,WISE 2018-7423,47.9,,T7
CWISEP J10475457,CWISEP J10475457,48  3,,Y1
Gliese 833,Gliese 833,48.1  0.6,,KV
Alpha Corvi (Alchiba),Alpha Corvi (Alchiba) A,48.2  0.5,,F1V
Alpha Corvi (Alchiba),Alpha Corvi (Alchiba) B,,,M4V
Gliese 269,Gliese 269,48.2  0.6,,KV
BPM 37093 (V886 Centauri),BPM 37093 (V886 Centauri),48.39  0.01,,DAV4.4
LHS 3844 (Bats),LHS 3844 (Bats),48.53  0.01,,M4.5-M5
20 Leonis Minoris (Cor),20 Leonis Minoris (Cor),48.6  0.6,,G3V
WISE 0015-4615,WISE 0015-4615,48.6,,T8
WISE 2343-7418,WISE 2343-7418,48.6,,T6
HD 4391,HD 4391,48.7  0.5,,G3V
Alpha Cephei (Alderamin),Alpha Cephei (Alderamin),48.8  0.4,,A8Vn
Gliese 123,Gliese 123,48.8  1.3,,M1V
LHS 1140,LHS 1140,48.80  0.03,,M4.5V
HD 176051,HD 176051 A,48.9  0.4,,G0V
HD 176051,HD 176051 B,,,K1V
Gliese 14,Gliese 14,48.9  0.8,,M1V
Gliese 163,Gliese 163,48.9 1.41.3,,M1V
WISEP J004701.06680352.1,WISEP J004701.06680352.1,48.9  16.3,,L9pec
HD 84117,HD 84117,49.0  0.2,,F8V
HD 200779 (Gliese 818),HD 200779 (Gliese 818),49.07  0.02,,K6V
Eta Leporis,Eta Leporis,49.1  0.5,,F2V
Nu Phoenicis,Nu Phoenicis,49.1  0.5,,F9V
Gliese 52,Gliese 52,49.1  0.9,,K7V
Gliese 483,Gliese 483,49.1  0.6,,KV
Castor (Alpha Geminorum),Aa,49.15  0.03,,A1V
Castor (Alpha Geminorum),Ab,,,dM1e
Castor (Alpha Geminorum),Ba,,,Am
Castor (Alpha Geminorum),Bb,,,dM1e
Castor (Alpha Geminorum),Ca,,,dM1e
Castor (Alpha Geminorum),Cb,,,dM1e
19 Draconis,19 Draconis,49.2  0.4,,F8V
GJ 1279,GJ 1279,49.2  0.7,,KV
Gliese 141,Gliese 141,49.3  0.7,,M1V
31 Aquilae,31 Aquilae,49.4  0.6,,G8IV
AB Doradus,AB Doradus A,49.5  0.4,,K0V
AB Doradus,Ba,,,M5
AB Doradus,Bb,,,M5-6
AB Doradus,AB Doradus C,,,M8
L 489-43,L 489-43,49.50  0.81,,M4.5
171 G. Puppis,171 G. Puppis,49.6  0.4,,G0V
Gliese 40,Gliese 40,49.6  1.1,,KV
HR 5864,HR 5864,49.7  0.6,,G7IV
Mu Arae,Mu Arae,49.8  0.6,,G3V
Gliese 317,Gliese 317,49.9  0.4,,M2.5V
SCR J1826-6542,SCR J1826-6542,49.12,,MV
Delta Aquilae,Delta Aquilae A,50.1  0.6,,F0IV
Delta Aquilae,Delta Aquilae B,,,K
51 Pegasi (Helvetios),51 Pegasi (Helvetios),50.1  0.6,,G5V
HR 159,HR 159 A,50.2  0.8,,G8V
HR 159,HR 159 B,,,G8V
WISE 06143912,WISE 06143912,50.2,,T8
WISE 16171807,WISE 16171807,50.2,,T8
WISE 16273255,WISE 16273255,50.2,,T6
Gliese 156,Gliese 156,50.3  0.9,,M1V
Phi Ceti,Phi Ceti,50.4  0.8,,F7V
Sigma Botis (Hemelein Secunda),Sigma Botis (Hemelein Secunda),50.4  0.6,,F2V
Gliese 862,Gliese 862,50.4  0.8,,KV
Gliese 227,Gliese 227,50.4  0.7,,KV
99 Herculis,99 Herculis A,50.5  0.6,,F7V
99 Herculis,99 Herculis B,,,K4V
Gliese 758B,Gliese 758B,50.5  0.5,,G8V
WISE 0542-1628,WISE 0542-1628,50.6,,T6.5
WISE 1124-0421,WISE 1124-0421,50.6,,T7
WISE 20156646,WISE 20156646,50.6,,T8
Gliese 36853686,Gliese 36853686,50.7 11.88.0,,MV
HD 38858,HD 38858,50.8  0.9,,G4V
HD 135599,HD 135599,50.8  0.8,,KV
Gliese 778,Gliese 778,50.8  0.7,,KV
Mu Arae (CervantesHD 160691),Mu Arae (CervantesHD 160691),50.89  0.07,,G3IV V
Tau Botis,Tau Botis,50.9  0.6,,F6IV
Gliese 1175,Gliese 1175,50.9  0.6,,M1V
WISE 15197009,WISE 15197009,50.9,,T8
HD 207129,HD 207129,51.0  0.6,,G2V
Gliese 782,Gliese 782,51.1  1.2,,KV
Gliese 397,Gliese 397,51.1  1.0,,KV
HD 113538,HD 113538,51.2  1.1,,K9V
WISE 0325-3854,WISE 0325-3854,51.2,,T9
WISE 23420856,WISE 23420856,51.2,,T6.5
HD 139763,HD 139763,51.3  1.1,,KV
Gliese 157,Gliese 157,51.4  1.7,,M1V
WISE 06140951,WISE 06140951,51.5,,T7
WISE 07502725,WISE 07502725,51.5,,T8.5
WISE 09064735,WISE 09064735,51.5,,T8
WISE 19064508,WISE 19064508,51.5,,T6
Gliese 3929,Gliese 3929,51.54,,M3.5V
Chi Herculis,Chi Herculis,51.7  0.4,,F8Ve
104 Tauri,104 Tauri,51.8  0.8,,G4V
Gliese 777,Gliese 777 A,51.8  0.5,,G6IV
Gliese 777,Gliese 777 B,,,M4.5V
Ross 640,Ross 640,51.84  0.02,,DZA5.5
Gliese 619,Gliese 619,51.9  0.7,,KV
Gliese 112.1,Gliese 112.1,51.9  1.3,,M1V
Gliese 156.2,Gliese 156.2,52.1  0.7,,M1V
Gliese 462,Gliese 462,52.2  1.1,,KV
Gliese 3,Gliese 3,52.2  0.7,,KV
WISE 14575815,WISE 14575815,52.2,,T7
WISE 2319-1844,WISE 2319-1844,52.2,,T7.5
WISE 1622-0959,WISE 1622-0959,52.2  6.5,,T6
Gliese 3781,Gliese 3781,52.3  1.2,,G8K0V
Gliese 32,Gliese 32,52.3  1.4,,KV
Gliese 1062,Gliese 1062,52.3  2.9,,M1V
HD 179930,HD 179930,52.5  1.7,,MV
Gliese 1264,Gliese 1264,52.6  2.1,,M1V
HR 3138,HR 3138,52.8  0.4,,G0V
Gliese 472,Gliese 472,52.8  0.5,,KV
Gliese 824,Gliese 824,52.8  0.9,,KV
I Carinae,I Carinae,52.9  0.4,,F2IV
Gliese 152,Gliese 152,52.9  0.6,,M1V
Xi Pegasi,Xi Pegasi A,53.0  0.7,,F6V
Xi Pegasi,Xi Pegasi B,,,M3.5
10 Ursae Majoris,10 Ursae Majoris,53.0  0.9,,F4V
WISE 1042-3842,WISE 1042-3842,53.2,,T6.5
HR 6516,HR 6516,53.3  0.8,,G9IV-V
9 Puppis,9 Puppis,53.4  0.8,,G2V
Gliese 143,Gliese 143,53.4  1.3,,M1V
Gliese 1177,Gliese 1177,53.4  2.7,,M1V
Gliese 826.1,Gliese 826.1,53.4  1.2,,KV
HD 40887,HD 40887,53.4  0.9,,K3V
Alpha Circini (Xami),Alpha Circini (Xami),53.5  0.5,,A7 Vp SrCrE
Gliese 247,Gliese 247,53.5  1.2,,KV
BPM 37093,BPM 37093,53.5 9.77.1,,DAV4.4
WISE 2237-0614,WISE 2237-0614,53.5,,T5
BY Draconis,BY Draconis,53.6  0.6,,K6Ve
Gliese 531,Gliese 531,53.6  0.8,,KV
Gliese 676,Gliese 676 A,53.7  1.5,,M0V
Gliese 676,Gliese 676 B,,,M3V
Gliese 322,Gliese 322,53.8  1.3,,KV
WISE 0241-3653,WISE 0241-3653,53.8,,T7
Psi5 Aurigae,Psi5 Aurigae,53.9  0.6,,G0V
HD 537055370653680,HD 537055370653680,53.9  0.9,,GV
Gliese 553,Gliese 553,53.9  1.4,,KV
Gliese 1049,Gliese 1049,53.9  1.2,,M1V
HD 128311,HD 128311,54.0  0.9,,K0V
HR 5273,HR 5273,54.1  0.7,,GV
WISE 06564205,WISE 06564205,54.1,,T3
WISE 2348-1028,WISE 2348-1028,54.1,,T7
Gliese 3839,Gliese 3839,54.36  1.92,,M4.5V
WISE 18043117,WISE 18043117,54.4 12.28.4,,T9.5
WISE 0148-7202,WISE 0148-7202,54.4 19.811.4,,T9.5
Gliese 633,Gliese 633,54.47  0.98,,M2.5V
Beta Cassiopeiae (Caph),Beta Cassiopeiae (Caph),54.5  0.5,,F2III
HR 2225,HR 2225,54.5  0.7,,GV
Gliese 795,Gliese 795,54.5  2.0,,KV
39 Tauri,39 Tauri,54.6  0.8,,G5V
A 2329,A 2329,54.6  1.1,,KV
Gliese 295,Gliese 295,54.8  0.7,,G8V
Gliese 1181,Gliese 1181,54.8  2.5,,M1V
Gliese 786,Gliese 786,54.8  0.7,,KV
WISE 0333-5856,WISE 0333-5856,54.8,,T3
WISE 23571227,WISE 23571227,54.8,,T6
HD 7924,HD 7924,54.9  0.5,,K0V
HR 2721,HR 2721,55.0  0.6,,G0V
Gliese 895.4,Gliese 895.4,55.0  0.6,,KV
Gliese 200,Gliese 200,55.0  1.6,,KV
HD 152391,HD 152391,55.2  0.8,,GV
Gliese 886,Gliese 886,55.2  3.4,,KV
Gliese 565,Gliese 565,55.3  1,,KV
WISE 0366-0143,WISE 0366-0143,55.4,,T
WISE 1225-1013,WISE 1225-1013,55.4,,T6
WISE 1612-3420,WISE 1612-3420,55.4,,T6.5
WISE 18523537,WISE 18523537,55.4,,T7
HD 7924,HD 7924,55.45  0.02,,K0.5V
HR 2997,HR 2997,55.6  0.5,,GV
Gliese 728,Gliese 728,55.7  1.5,,KV
HD 76151,HD 76151,55.8  0.8,,G3V
HR 7232,HR 7232,56.0  0.9,,GV
HR 4864,HR 4864,56.0  1,,GV
WISE 0245-3450,WISE 0245-3450,56.1,,T8
WISE 13206034,WISE 13206034,56.1,,T6.5
Iota Horologii,Iota Horologii,56.2  0.5,,G0Vp
Gliese 3076,Gliese 3076,56.23  6.28,,M5.93
37 Geminorum,37 Geminorum,56.3  0.9,,G0V
HD 3765,HD 3765,56.3  1,,KV
Gliese 3476,Gliese 3476,56.4  0.6,,KV
HIP 92444,HIP 92444,56.4  1.9,,KV
Gliese 3222,Gliese 3222,56.4  0.7,,KV
ADS 9544,ADS 9544,56.4  0.8,,KV
Gliese 727,Gliese 727,56.4  1,,KV
Tau Hydrae,Tau Hydrae,56.5  2.2,,F6V
Gliese 3833,Gliese 3833,56.5  1,,KV
DENIS-P J1058.7-1548,DENIS-P J1058.7-1548,56.5  1,,L3
q Eridani,q Eridani,56.6  0.6,,F9V
HR 6748,HR 6748,56.6  0.8,,GV
HD 184467,HD 184467,56.6  0.6,,KV
Gliese 913,Gliese 913,56.6  2.9,,MV
Xi Ophiuchi,Xi Ophiuchi,56.7  0.9,,F2V
10 Canum Venaticorum,10 Canum Venaticorum,56.7  0.6,,G0V
BD 68 278,BD 68 278,56.7  2.8,,KV
Rho Coronae Borealis,Rho Coronae Borealis,56.8  0.7,,G0V
Chi Eridani,Chi Eridani,57.0  0.6,,G8IV
39 Serpentis,39 Serpentis,57.0  0.9,,GV
Gliese 293.1,Gliese 293.1,57.0  1.5,,KV
Gliese 397.1,Gliese 397.1,57.0  1.4,,MV
g Lupi,g Lupi,57.1  0.7,,F5V
Gliese 649.1,Gliese 649.1,57.1  0.7,,KV
WISE 02473725,WISE 02473725,57.1,,T8
G 29-38 (ZZ Piscium),G 29-38 (ZZ Piscium),57.16  0.03,,DAV4.4
Xi Geminorum (Alzirr),Xi Geminorum (Alzirr),57.2  0.8,,F5IV
58 Ophiuchi,58 Ophiuchi,57.2  0.8,,F5V
Gliese 241,Gliese 241,57.2  1.4,,KV
Gliese 3633,Gliese 3633,57.2  1,,KV
VVV BD001,VVV BD001,57.2 4.33.8,,L5
59 Virginis,59 Virginis,57.3  0.3,,G0V
HR 7783,HR 7783,57.3  0.5,,GV
HR 5384,HR 5384,57.4  1.1,,GV
HD 113194,HD 113194,57.4  1.1,,KV
Gliese 562,Gliese 562,57.4  1.3,,KV
WISE 0528-3308,WISE 0528-3308,57.4,,T7 pec
HD 1237,HD 1237,57.5  0.5,,G6V
Gliese 1066,Gliese 1066,57.5  0.9,,M1V
15 Sagittae,15 Sagittae A,57.6  0.6,,G0V
15 Sagittae,15 Sagittae B,,,L4
83 Leonis,83 Leonis A,57.6  1.5,,K0IV
83 Leonis,83 Leonis B,,,K2V
Gliese 819,Gliese 819,57.6  1.2,,KV
Delta Leonis (Zosma),Delta Leonis (Zosma),57.7  0.9,,A4V
Gliese 340,Gliese 340,57.7  1.1,,KV
WISE 0138-0322,WISE 0138-0322,57.7,,T2
WISE 0611-0410,WISE 0611-0410,57.7,,T0
WISE 11222550,WISE 11222550,57.7,,T6
HR 7644,HR 7644,57.8  0.8,,GV
Gliese 626,Gliese 626,57.8  1.4,,KV
Iota Pavonis,Iota Pavonis,57.9  0.7,,GV
HD 35650,HD 35650,57.9  1,,KV
HD 82443,HD 82443,57.9  0.9,,KV
HR 5356,HR 5356,58.0  1,,FV
HR 4525,HR 4525,58.0  0.8,,GV
Gliese 365,Gliese 365,58.0  1.2,,KV
HR 2401,HR 2401,58.2  0.6,,FV
V833 Tauri,V833 Tauri,58.2  1.3,,KV
Alpha Comae Berenices (Diadem),Alpha Comae Berenices (Diadem) A,58.3  1.5,,F5V
Alpha Comae Berenices (Diadem),Alpha Comae Berenices (Diadem) B,,,F5V
Eta Coronae Borealis,Eta Coronae Borealis A,58.3  0.8,,G1V
Eta Coronae Borealis,Eta Coronae Borealis B,,,G3V
Eta Coronae Borealis,Eta Coronae Borealis C,,,L8
Gamma Coronae Australis,Gamma Coronae Australis A,58.4  2.1,,F8V
Gamma Coronae Australis,Gamma Coronae Australis B,,,F8V
WISE 02062640,WISE 02062640,58.4,,L9 pec
Tau6 Eridani,Tau6 Eridani,58.5  0.7,,F5V
HD 130948,HD 130948,58.5  0.9,,G1V
Gliese 1079,Gliese 1079,58.5  0.8,,M1V
Gliese 787,Gliese 787,58.5  1.4,,KV
Gliese 418,Gliese 418,58.5  1.4,,KV
Iota Centauri (AlhakimKulou),Iota Centauri (AlhakimKulou),58.6  0.8,,A2V
Gliese 2037,Gliese 2037,58.6  1,,KV
Gliese 3317,Gliese 3317,58.7  0.8,,KV
Gliese 18,Gliese 18,58.7  1.2,,M1V
WISE 22130911,WISE 22130911,58.7,,T7
DG Canum Venaticorum,DG Canum Venaticorum,58.76  2.32,,M4Ve
HR 4989,HR 4989,58.8  0.7,,FIV
212 Puppis,212 Puppis A,58.8  0.6,,F5V
212 Puppis,212 Puppis B,,,K3V
Delta Geminorum (Wasat),Delta Geminorum (Wasat),58.8  0.9,,F0IV
Gliese 1240,Gliese 1240,58.8  1,,M1V
Rho Geminorum,Rho Geminorum A,58.9  0.3,,F1V
Rho Geminorum,Rho Geminorum B,,,M5
Rho Geminorum,Rho Geminorum C,,,K2.5V
HD 154345,HD 154345,58.9  0.6,,G8V
HR 3220 (B Carinae),HR 3220 (B Carinae) A,58.9  0.6,,F6 V Fe-0.8 CH-0.4
HR 3220 (B Carinae),HR 3220 (B Carinae) B,,,D
Gliese 830,Gliese 830,58.9  1.5,,KV
HD 87883,HD 87883,58.9  1,,K0V
Gliese 3293,Gliese 3293,59,,M2.5V
HD 154088,HD 154088,59.0  0.9,,K0V
70 Virginis,70 Virginis,59.1  0.8,,G2.5Va
HR 2208,HR 2208,59.1  1,,GV
Chi Cancri,Chi Cancri,59.2  1,,F6V
14 Herculis,14 Herculis,59.2  0.6,,K0V
Gliese 4008,Gliese 4008,59.3  0.9,,KV
Eta Corvi,Eta Corvi,59.4  0.7,,F2V
Pi Mensae,Pi Mensae,59.4  0.5,,G1IV
HIP 38939,HIP 38939,59.4  1.3,,KV
Epsilon Reticuli,Epsilon Reticuli A,59.5  0.5,,K2IV
Epsilon Reticuli,Epsilon Reticuli B,,,D
Beta Arietis (Sheratan),Beta Arietis (Sheratan),59.6  0.8,,A5V
Psi Velorum,Psi Velorum A,59.7  1,,F3IV
Psi Velorum,Psi Velorum B,,,F0V
Gliese 1106,Gliese 1106,59.7 5.14.4,,M1V
WISE 22391617,WISE 22391617,59.7,,T3
Gliese 1120,Gliese 1120,59.8 3.73.3,,M1V
Gliese 3488,Gliese 3488,59.8  1.4,,KV
LQ Hydrae,LQ Hydrae,59.8  1.1,,KV
Gliese 131,Gliese 131,59.9  1.5,,M1V
HR 8314,HR 8314,60.0  0.9,,GV
WISE 1436-1814,WISE 1436-1814,60,,T8 pec
Delta Equulei,Delta Equulei A,60.0  1.0,,F5V
Delta Equulei,Delta Equulei B,,,G0
HD 53143,HD 53143,60.0  0.6,,K9V
15 Leonis Minoris,15 Leonis Minoris,60.1  0.8,,G0V
Gliese 339,Gliese 339,60.1  1.3,,KV
Gliese 161,Gliese 161,60.2  0.9,,M1V
Gliese 2102,Gliese 2102,60.2  1.2,,KV
Gliese 4134,Gliese 4134,60.4 9.06.9,,KV
Gliese 315,Gliese 315,60.4  1.2,,KV
Gliese 509,Gliese 509,60.4  2.5,,KV
HD 156985,HD 156985,60.4  0.8,,KV
G 185-32,G 185-32,60.4 3.53.2,,DA4.0
Gliese 610,Gliese 610,60.5  1.5,,KV
Gliese 106,Gliese 106,60.5  2.8,,M1V
HR 244,HR 244,60.6  0.7,,F9V
Theta Cygni,Theta Cygni A,60.7  0.5,,F3V
Theta Cygni,Theta Cygni B,,,M3V
Gliese 499,Gliese 499,60.7  2.2,,KV
WISE 23010216,WISE 23010216,60.7,,T6.5
Gliese 254,Gliese 254,60.8  2.0,,KV
Theta Centauri (Menkent),Theta Centauri (Menkent),60.9  0.9,,K0III
Mu Virginis,Mu Virginis,60.9  1.1,,F2IV
HD 152606,HD 152606,60.9  1.0,,KV
Gliese 902.1,Gliese 902.1,60.9  1.3,,KV
Kelu-1,Kelu-1 A,60.9  2.3,,L2
Kelu-1,Kelu-1 B,,,L4
Gliese 1094,Gliese 1094,61.0  2.3,,M1V
HR 8061,HR 8061,61.1  2.6,,FV
Tau Piscis Austrini,Tau Piscis Austrini,61.1  1.0,,F6V
HR 8148,HR 8148,61.1  1.3,,GV
HD 206804,HD 206804,61.1  1.9,,KV
Gliese 715,Gliese 715,61.2  1.2,,KV
WISE 01503827,WISE 01503827,61.3,,T0
HD 4747,HD 4747,61.4  1.2,,G8V
Gliese 249,Gliese 249,61.4  1.4,,KV
Gliese 296,Gliese 296,61.5  9.7,,KV
HD 170573,HD 170573,61.5  9.7,,KV
Gliese 1054,Gliese 1054,61.55  0.85,,M1V
6 Ceti,6 Ceti,61.6  0.9,,F8V
HR 7683,HR 7683,61.6  0.6,,GIV
Gliese 583,Gliese 583,61.6  1.8,,KV
Gliese 4287,Gliese 4287,61.6  2.3,,KV
Gliese 773,Gliese 773,61.6  1.8,,KV
WISE 21572659,WISE 21572659,61.6,,T7
Gliese 100,Gliese 100,61.7  2.3,,M1V
Eta Serpentis (Tang),Eta Serpentis (Tang),61.8  0.9,,K0IV
Gliese 689,Gliese 689,62.0  0.9,,KV
WISE 17113500,WISE 17113500,62.0  9.8,,T8
HD 139477,HD 139477,62.2  0.9,,KV
110 Herculis,110 Herculis,62.3  0.8,,F6V
HR 2643,HR 2643,62.3  1.0,,GV
WISE 17211117,WISE 17211117,62.3,,T6
HR 3625,HR 3625,62.4  1.1,,FV
Gliese 646,Gliese 646,62.4  2.4,,KV
Gliese 576,Gliese 576,62.6  2.5,,KV
Gliese 1246,Gliese 1246,62.6  1.4,,M1V
ADS 10075,ADS 10075,62.6  1.4,,KV
WISE 00490441,WISE 00490441,62.6,,L9
Rho Puppis (Tureis),Rho Puppis (Tureis),62.7  0.8,,F2mF5IIp
HD 25457,HD 25457,62.7  0.9,,FV
Gliese 292.2,Gliese 292.2,62.7  2.3,,GV
Gliese 825.3,Gliese 825.3,62.7  1.5,,KV
Gliese 3546,Gliese 3546,62.7 11.48.4,,KV
WD 0806661 (Maru),WD 0806661 (Maru) A,62.73  0.02,,DQ4.2
WD 0806661 (Maru),WD 0806661 (Maru) B,,,Y1
1 Centauri,1 Centauri,62.8  0.9,,F3IV
Gliese 1283,Gliese 1283,62.8  1.4,,M1V
HD 189733,HD 189733 A,62.8  1.1,,K1.5V
HD 189733,HD 189733 B,,,M
Beta Pictoris,Beta Pictoris,62.9  0.6,,A6V
WISE 0032-4946,WISE 0032-4946,62.9,,T8.5
HD 43587,HD 43587 A,63.0  1.0,,G0V
HD 43587,HD 43587 B,,,M0V
HD 43587,HD 43587 C,,,M3.5V
HD 43587,HD 43587 D,,,M5V
Gliese 710,Gliese 710,63.0  1.8,,K7V
WD 0806-661,WD 0806-661 A,63.0  2.0,,DQ4.2
WD 0806-661,WD 0806-661 B,,,Y
Gliese 775.1,Gliese 775.1,63.1  1.0,,GV
Gliese 1126,Gliese 1126,63.1  1.1,,M1V
Gliese 45,Gliese 45,63.1  1.3,,KV
Gliese 816.1,Gliese 816.1,63.2  0.9,,KV
Omicron Aquilae,Omicron Aquilae A,63.3  0.9,,F8V
Omicron Aquilae,Omicron Aquilae B,,,M3V
Gliese 790,Gliese 790,63.3  1.0,,GV
Gliese 9126,Gliese 9126,63.3 36.416.9,,KV
HD 274255,HD 274255,63.3 4.94.3,,MV
Alpha Chamaeleontis,Alpha Chamaeleontis,63.5  0.6,,F5V
HR 6465,HR 6465,63.5  1.1,,GV
Gliese 894.5,Gliese 894.5,63.5  1.6,,KV
Gliese 59,Gliese 59,63.6  1.1,,KV
Gliese 571.1,Gliese 571.1,63.6  2.3,,KV
WISE 08124021,WISE 08124021,63.6,,T8
HD 130004,HD 130004,63.7  1.2,,KV
c Ursae Majoris,c Ursae Majoris,63.8  0.9,,G0V
Gliese 204.1,Gliese 204.1,63.8  0.6,,GV
HIP 38594,HIP 38594,63.8  2.0,,MV
Gliese 3859,Gliese 3859,63.9  0.7,,GV
74 Orionis,74 Orionis,64.0  1.1,,FV
Gliese 3383,Gliese 3383,64.0 8.56.7,,GV
Alpha Trianguli (Mothallah),Alpha Trianguli (Mothallah) A,64.1  1.0,,F5III-F6IV
Alpha Trianguli (Mothallah),Alpha Trianguli (Mothallah) B,,,M
Eta Crucis,Eta Crucis,64.2  0.6,,F2III
Gliese 3867,Gliese 3867,64.2  1.3,,GV
HD 59747,HD 59747,64.2  1.7,,GV
Gliese 906,Gliese 906,64.2  2.1,,KV
45 Botis,45 Botis,64.3  1.0,,F5V
HD 217107,HD 217107,64.3  1.0,,G8IV
Gliese 81.2,Gliese 81.2,64.3  1.0,,KV
HD 189733 (V452 Vulpeculae),HD 189733 (V452 Vulpeculae) B,64.50  0.02,,M
HD 189733 (V452 Vulpeculae),HD 189733 (V452 Vulpeculae) A,64.42  0.02,,K1.5V
HD 220140,HD 220140,64.4  0.8,,GV
Gliese 140.1,Gliese 140.1,64.4  2.3,,M1V
Gliese 3678,Gliese 3678,64.4  1.5,,KV
EQ Virginis,EQ Virginis,64.5  1.3,,K5Ve
Gliese 3634,Gliese 3634,64.5 2.01.9,,M2.5
DENIS-P J020529.0-115925,DENIS-P J020529.0-115925,64.5 2.01.9,,L5.5
Nu Canis Majoris,Nu Canis Majoris,64.7  0.9,,K1III
Gliese 586,Gliese 586,64.8  1.5,,KV
Gliese 1164,Gliese 1164,64.8 4.43.9,,M1V
LHS 1678 (TOI-696),LHS 1678 (TOI-696),64.790.03,,M2V
22 Lyncis,22 Lyncis,64.9  1.1,,FV
HD 192263 (Phoenicia),HD 192263 (Phoenicia),64.9  1.5,,K2V
HD 35112,HD 35112,64.9  2.0,,KV
WISE 0612-3036,WISE 0612-3036,64.9,,T6
WISE 09290409,WISE 09290409,64.9,,T6.5
HR 3430,HR 3430,65.0  1.3,,GV
Gliese 530,Gliese 530,65.0  1.1,,GV
HD 216520,HD 216520,65.0  0.8,,KV
GD 356,GD 356,65,,DC7
Aldebaran (Alpha Tauri),Aldebaran (Alpha Tauri),65.1  1.3,,K5III
GJ 1233,GJ 1233,65.2  0.7,,GV
Gliese 292.1,Gliese 292.1,65.2  1.4,,KV
Gliese 268.2,Gliese 268.2,65.2  1.3,,KV
GJ 1278,GJ 1278,65.3  1.4,,KV
Gliese 328,Gliese 328,65.3  3.0,,MV
Epsilon Scorpii (Larawag),Epsilon Scorpii (Larawag),65.4  1.1,,K1III
Gliese 342,Gliese 342,65.4  1.4,,KV
Gliese 747.3,Gliese 747.3,65.4  2.0,,KV
53 Aquarii,53 Aquarii A,65.5  3.5,,G1V
53 Aquarii,53 Aquarii B,,,G5V
Gliese 456.1,Gliese 456.1,65.6  1.3,,KV
HD 110810,HD 110810,65.6  1.3,,KV
RR Caeli,RR Caeli A,65.65  1.72,,DA7.8
RR Caeli,RR Caeli B,,,M6V
Alpha Caeli,Alpha Caeli A,65.7  0.7,,F2V
Alpha Caeli,Alpha Caeli B,,,M0.5
81 Cancri,81 Cancri A,65.7  1.4,,G8V
81 Cancri,81 Cancri B,,,K1V
81 Cancri,81 Cancri C,,,L8
81 Cancri,81 Cancri D,,,L8
Gliese 762.2,Gliese 762.2,65.7  1.3,,GV
HD 136923,HD 136923,65.7  1.2,,KV
HD 149806,HD 149806,65.7  1.2,,KV
Hamal (Alpha Arietis),Hamal (Alpha Arietis),65.9  1.3,,K1IIIb
GJ 3620,GJ 3620,65.9  1.7,,KV
Gliese 765.4,Gliese 765.4,65.9  1.1,,KV
GJ 3293,GJ 3293,65.91  0.03,,M2.5
DENIS-P J1228.2-1547,DENIS-P J1228.2-1547,66.0 2.62.4,,L5.5
Kappa Tucanae,Kappa Tucanae,66.04  1.2,,F6IV
HR 8853,HR 8853,66.1  0.8,,FV
Gliese 199,Gliese 199,66.1  3.0,,M1V
Gamma Doradus,Gamma Doradus,66.2  0.7,,F0V
Gliese 836.8,Gliese 836.8,66.2  2.0,,KV
WISE 0413-4750,WISE 0413-4750,66.2,,T9
Gliese 221,Gliese 221 A,66.3 2.32.1,,K7V
Gliese 221,Gliese 221 B,,,M0V
Gliese 840,Gliese 840,66.3  1.3,,KV
GJ 2001,GJ 2001,66.3  1.1,,KV
Tau Cygni,Tau Cygni A,66.4  0.8,,F2IV
Tau Cygni,Tau Cygni B,,,G0V
GJ 3863,GJ 3863,66.4  0.9,,GV
Gliese 558,Gliese 558,66.4  1.8,,KV
HR 6349,HR 6349,66.5  1.2,,FV
9 Ceti,9 Ceti,66.5  1.3,,G3V
Gliese 257.1,Gliese 257.1,66.6  1.3,,KV
GJ 1069,GJ 1069,66.6 6.75.6,,KV
HD 114783,HD 114783,66.6  1.5,,K0V
DK Leonis,DK Leonis,66.6  2.4,,KV
Sigma Ursae Majoris,Sigma Ursae Majoris A,66.7  0.9,,F7IV
Sigma Ursae Majoris,Sigma Ursae Majoris B,,,K2V
HD 30501,HD 30501,66.7  0.9,,KV
GJ 9714,GJ 9714,66.7  2.4,,KV
HR 8531,HR 8531,66.8  0.8,,FV
HD 114613,HD 114613,66.8  1.1,,G3IV
GJ 1262,GJ 1262,66.8  1.1,,GV
Gliese 783.2,Gliese 783.2,66.8  1.3,,KV
GJ 1172,GJ 1172,66.9  2.3,,KV
GJ 3358,GJ 3358,66.9  1.4,,KV
HD 155712,HD 155712,67.0  1.4,,KV
HR 8843,HR 8843,67.1  0.8,,FV
Gliese 217,Gliese 217,67.1  1.4,,KV
Gliese 330.1,Gliese 330.1,67.2  1.8,,MV
WISE 01234142,WISE 01234142,67.2,,T7
WISE 06255646,WISE 06255646,67.2,,T6
GJ 3593,GJ 3593,67.3  1.2,,GV
HD 332518,HD 332518,67.3  1.7,,KV
HD 24496,HD 24496,67.4  1.5,,G7V
Gliese 808.2,Gliese 808.2,67.4  2.6,,KV
CR Draconis,CR Draconis,67.4  1.7,,MV
94 Aquarii,94 Aquarii A,67.6 8.36.6,,G8.5IV
94 Aquarii,94 Aquarii B,,,K2V
GJ 1108,GJ 1108,67.6 4.74.2,,KV
HIP 105533,HIP 105533,67.6  2.3,,MV
Gliese 53.1,Gliese 53.1,67.7  1.5,,KV
GJ 1084,GJ 1084,67.7  1.5,,KV
GJ 1008,GJ 1008,67.7  2.5,,KV
Gliese 30,Gliese 30,67.7  1.5,,KV
Gliese 544,Gliese 544,67.8  1.6,,KV
GJ 1280,GJ 1280,67.9  1.5,,KV
HD 104067,HD 104067,67.9  1.5,,K3V
Gliese 900,Gliese 900 A,68  0.03,,K5-7
Gliese 900,Gliese 900 B,,,M3-4
Gliese 900,Gliese 900 C,,,M5-6
17 Cygni,17 Cygni A,68.0  0.8,,F7V
17 Cygni,17 Cygni B,,,M0.4
HR 7330,HR 7330,68.0  1.9,,GV
Gliese 533,Gliese 533,68.0  2.6,,KV
HR 7631,HR 7631,68.1  0.5,,FV
HR 5,HR 5,68.2  1.3,,GV
Gliese 415,Gliese 415,68.2  2.8,,KV
WISE 08211443,WISE 08211443,68.2,,T5.5
Theta Draconis,Theta Draconis,68.3  0.8,,F9V
13 Ceti,13 Ceti,68.3  1.8,,FV
HR 7260,HR 7260,68.3  1.1,,GV
HD 33564,HD 33564,68.4  0.8,,F6V
Gliese 371,Gliese 371,68.4  2.3,,KV
HD 220221,HD 220221,68.4  1.4,,KV
HR 8013,HR 8013,68.5  1.4,,FV
Gliese 59.1,Gliese 59.1,68.5  0.9,,GV
HR 7914,HR 7914,68.5  1.1,,GV
HD 119802,HD 119802,68.5  1.7,,KV
Gliese 491,Gliese 491,68.5  1.3,,KV
HD 216259,HD 216259,68.6  1.7,,KV
Gliese 396,Gliese 396,68.6  0.9,,KV
HD 124580,HD 124580,68.7  1.2,,FV
71 Orionis,71 Orionis,68.9  1.3,,FV
Gliese 889,Gliese 889,68.9  2.8,,KV
40 Leonis,40 Leonis,69.0  1.2,,F6IV
51 Arietis,51 Arietis,69.0  1.3,,G8V
Gliese 336,Gliese 336,69.0 4.54.0,,MV
Nu Octantis,Nu Octantis,69.1  4.5,,K1III
I Puppis,I Puppis,69.1  0.8,,FIV
V774 Tauri,V774 Tauri,69.1  1.6,,GV
GJ 1165,GJ 1165,69.1  2.9,,KV
Gliese 659,Gliese 659,69.2  2.9,,KV
Gliese 276,Gliese 276,69.3  1.9,,KV
GJ 1048,GJ 1048,69.3  1.6,,KV
HD 210277,HD 210277,69.4  1.2,,G0IV
HR 3578,HR 3578,69.5  1.5,,FV
Gliese 155.2,Gliese 155.2,69.5  1.4,,M1V
HD 97658,HD 97658,69.5  1.5,,K1V
Gliese 122,Gliese 122,69.5  2.1,,M1V
50 Persei,50 Persei,69.6  1.2,,F7V
HR 5070,HR 5070,69.6  0.8,,GV
GJ 3917,GJ 3917,69.6  1.6,,GV
Iota Virginis (Syrma),Iota Virginis (Syrma),69.8  1.3,,F7IV
HR 3220 (B Carinae),HR 3220 (B Carinae),69.8 5.44.7,,F6V
HD 10086,HD 10086,69.8  1.2,,GIV
GJ 3257,GJ 3257,69.8  1.5,,GV
16 Cygni,16 Cygni A,69.8  0.8,,G1.5Vb
16 Cygni,16 Cygni B,,,G2.5Vb
16 Cygni,16 Cygni C,,,M
HD 92945,HD 92945,69.8  1.0,,K1V
Gliese 857.1,Gliese 857.1,69.8  2.6,,KV
GJ 4254,GJ 4254,69.8 14.110.1,,MV
WISE 0448-1935,WISE 0448-1935,69.8,,T5 pec
Kappa Reticuli,Kappa Reticuli,69.9  0.7,,F5V
V775 Herculis,V775 Herculis,69.9  1.6,,KV
GJ 4268,GJ 4268,70.0  1.0,,KV
GJ 3071,GJ 3071,70.0  2.5,,KV
HIP 88976,HIP 88976,70,,MV
HD 215152,HD 215152,70.39  0.04,,K3 V
HD 90089,HD 90089,70.1,,F2V
Gliese 694.2,Gliese 694.2,70.1,,MV
Gliese 799.1,Gliese 799.1,70.2,,DA3
HD 16673,HD 16673,70.3,,FV
HIP 65083,HIP 65083,70.3,,MV
HD 329868,HD 329868,70.3,,MV
GJ 1170,GJ 1170,70.3,,MV
Epsilon Serpentis,Epsilon Serpentis,70.4,,A2Vm
GJ 3059,GJ 3059,70.4,,MV
Zeta Leporis,Zeta Leporis,70.5,,A2IV
84 Ceti,84 Ceti A,70.5,,F7V
84 Ceti,84 Ceti B,,,K2V
HIP 15332,HIP 15332,70.5,,MV
HD 159062,HD 159062 A,70.619,,G9V
HD 159062,HD 159062 B,,,D
Sigma Coronae Borealis,Sigma Coronae Borealis A,70.7,,F9V
Sigma Coronae Borealis,Sigma Coronae Borealis B,,,G0V
WISE 2327-2730,WISE 2327-2730,70.8,,L9
Gliese 747.4,Gliese 747.4,70.9,,MV
Theta Sculptoris,Theta Sculptoris,71.1,,F5V
Alpha Hydri,Alpha Hydri,71.3,,F0IV
Lambda Arae,Lambda Arae,71.3,,F4V
HD 91324,HD 91324 A,71.3,,F9V
HD 91324,HD 91324 B,,,M5
Eta Scorpii,Eta Scorpii,71.6,,F5IV
HD 108954,HD 108954,71.6,,FV
HD 164922,HD 164922,71.69  0.03,,G9V
Gamma Tucanae,Gamma Tucanae,71.8  0.8,,F1III
WISE 0031-3840,WISE 0031-3840,71.8,,L2 pec
Psi1 Draconis (Dziban),Psi1 Draconis (Dziban),71.9,,F5V  F8V
WISE 09521955,WISE 09521955,72.1,,T6
Nu Octantis ( Octantis),Nu Octantis ( Octantis) A,72.1  0.4,,K1III
Nu Octantis ( Octantis),Nu Octantis ( Octantis) B,,,D
WISE 15170529,WISE 15170529,72.4,,T8
WISE 0836-1859,WISE 0836-1859,72.4,,T8 pec
VHS J1256-1257,VHS J1256-1257 A,72.4,,M7.5
VHS J1256-1257,VHS J1256-1257 B,,,M7.5
VHS J1256-1257,VHS J1256-1257 C,,,L7.0
WISE 17176129,WISE 17176129,72.7,,T8
Epsilon Cygni (Aljanah),Epsilon Cygni (Aljanah),72.7  0.2,,K0III
94 Ceti,94 Ceti A,73,,F8V
94 Ceti,94 Ceti B,,,M3V
HD 63433,HD 63433,73.035,,G5V
Mu Cygni,Mu Cygni A,73.1,,F6V
Mu Cygni,Mu Cygni B,,,G2V
WISE 02213842,WISE 02213842,73.1,,T6.5
HD 14214,HD 14214 A,73.1,,G0.5IVb
HD 14214,HD 14214 B,,,M0V
Ross 593,Ross 593,73.12,,M3
18 Puppis,18 Puppis,73.3,,FV
HR 4657,HR 4657,73.6,,FV
HD 139461139460,HD 139461139460,73.8,,FV
HD 167425,HD 167425,73.8,,FV
Alpha Serpentis (Unukalhai),Alpha Serpentis (Unukalhai),74  0.3,,K2 IIIb CN1
EZ Ceti,EZ Ceti,74  5,,G3V
Zeta Virginis,A (Heze),74.1,,A3V
Zeta Virginis,Zeta Virginis B,,,M4V-M7V
39 Leonis,39 Leonis A,74.1,,F6V
39 Leonis,39 Leonis B,,,M1
Upsilon Aquarii,Upsilon Aquarii,74.2  1.2,,F5V
Alpha Librae,Alpha Librae,74.9  0.7,,F3V
WISE 18093838,WISE 18093838,74.4,,T8
WISE 03053954,WISE 03053954,75,,T6
HIP 12961 (Koeia),HIP 12961 (Koeia),75  3,,M0V
Alpha Coronae Borealis (Alphecca),Alpha Coronae Borealis (Alphecca) A,75.0  0.5,,A0V
Alpha Coronae Borealis (Alphecca),Alpha Coronae Borealis (Alphecca) B,,,G5V
Delta Herculis (Sarin),Delta Herculis (Sarin),75.1  0.3,,A3IV
HD 212168,HD 212168,75.17,,G3IV
Chi Ceti,Chi Ceti,75.6  0.5,,F3III
Gamma Tucanae,Gamma Tucanae,75.2,,F4V
Omega Draconis,Omega Draconis,75.6  0.3,,F5V
Alpha Librae (Zubenelgenubi),Alpha Librae (Zubenelgenubi),75.8  0.3,,kA2hA5mA4 IV-V
HD 101177,HD 101177 A,75.83,,G0V
HD 101177,HD 101177 B,,,K2V
Sigma Coronae Borealis,Ca,76.1  0.7,,M2.5V
Sigma Coronae Borealis,Cb,,,M
HD 127334,HD 127334,76.29,,G5VCH0.3
Omega Sagittarii (Terebellum),Omega Sagittarii (Terebellum),76.4  1,,G5IV
Gliese 7,Gliese 7,76.47,,M0V
HD 1461,HD 1461,76.5  0.1,,G3VFe0.5
64 Piscium,64 Piscium A,76.5  0.5,,F8V
64 Piscium,64 Piscium B,,,F8V
HD 167425,HD 167425,76.5  0.1,,F9V
HD 42618,HD 42618,76.65,,G4V
Zeta Serpentis,Zeta Serpentis,76.8  0.6,,F2V
2MASS J083048780128311,2MASS J083048780128311,77,,T4.5
EX Ceti or HD 10008 or BD-07 268 Cetus,EX Ceti or HD 10008 or BD-07 268 Cetus,77,,G5V
HIP 70849,HIP 70849,77,,K7Vk
Mu Cancri,Mu Cancri,77,,G2IV
HD 214953,HD 214953,77,,G0
HD 26491,HD 26491,77.07,,G3V
88 Leonis,88 Leonis A,77.2,,F9.5V
88 Leonis,88 Leonis B,,,G5
KU Librae,KU Librae,77.23,,G8V
WISE 01351715,WISE 01351715,77.3,,T6
Kappa Phoenicis,Kappa Phoenicis,77.7  0.3,,A5IVn
23 Ursae Majoris,23 Ursae Majoris,77.7  0.3,,F0IV
HD 202628,HD 202628,77.73  0.08,,G1.5V
KOBE-1,KOBE-1,77.89  0.04,,K7V
27 Cygni,27 Cygni,78.1  0.2,,G8.5IVa
Lambda Sagittarii (Kaus Borealis),Lambda Sagittarii (Kaus Borealis),78.2,,K0IV
WISE 07337544,WISE 07337544,78.3,,T6
HD 134060,HD 134060,78.4,,G0V Fe0.4 or G3IV
HD 3765,HD 3765,78.5,,K2V
HD 190422,HD 190422,78.6,,F8V
Eta Indi,Eta Indi,78.8  0.5,,A9IV
Wolf 1106,Wolf 1106,78.84,,sdM1.5
12 Persei,12 Persei A,78.9  0.8,,F9V
12 Persei,12 Persei B,,,F
2MASSW J1728114394859,2MASSW J1728114394859 A,79,,L5
2MASSW J1728114394859,2MASSW J1728114394859 B,,,L7
HD 62644,HD 62644,79,,G5IV
HD 121560,HD 121560,79,,F6V
Iota Leonis,Iota Leonis A,79  2,,F3IV
Iota Leonis,Iota Leonis B,,,GV
WISE 10196529,WISE 10196529 A,79  3,,T5.5
WISE 10196529,WISE 10196529 B,,,T7
Regulus (Alpha Leonis),Regulus (Alpha Leonis) B,79.02  0.05,,K2V
Regulus (Alpha Leonis),Regulus (Alpha Leonis) C,,,M4V
HD 76653,HD 76653,79.1  0.2,,F6V
Regulus (Alpha Leonis),Regulus (Alpha Leonis) A,79.3  0.7,,B8IV
Regulus (Alpha Leonis),Ab,,,D
MT Pegasi,MT Pegasi,79.31  0.09,,G1V
HD 156668,HD 156668,79.34  0.03,,K3V
GJ 2097,GJ 2097,79.4,,M2V
37 Ceti,37 Ceti,79.49,,F5V
BZ Ceti,BZ Ceti,79.55,,K2.5Vk
7 Andromedae,7 Andromedae,79.6  0.4,,F1V
HD 195564,HD 195564,79.6  0.6,,G2V
Merak (Beta Ursae Majoris),Merak (Beta Ursae Majoris),79.7  0.3,,A1IVps
